instance	n	k	min_mut	max_mut	RSS	BIC
m5_S18_k0_eps0.1.P_eps.txt	5	0	Inf	-Inf	44.06565	-961.0771
m5_S18_k0_eps0.1.P_eps.txt	5	1	Inf	-Inf	42.20549	-796.5661
m5_S18_k0_eps0.1.P_eps.txt	5	2	Inf	-Inf	40.74117	-628.3018
m5_S18_k0_eps0.1.P_eps.txt	5	3	Inf	-Inf	38.9994	-464.0608
m5_S18_k0_eps0.1.P_eps.txt	5	4	Inf	-Inf	38.27194	-287.8852
m5_S18_k0_eps0.2.P_eps.txt	5	0	Inf	-Inf	53.0712	-871.8192
m5_S18_k0_eps0.2.P_eps.txt	5	1	Inf	-Inf	49.57229	-719.3428
m5_S18_k0_eps0.2.P_eps.txt	5	2	Inf	-Inf	47.042	-559.277
m5_S18_k0_eps0.2.P_eps.txt	5	3	Inf	-Inf	45.0133	-395.2232
m5_S18_k0_eps0.2.P_eps.txt	5	4	Inf	-Inf	44.11164	-219.722
m5_S18_k0_eps0.3.P_eps.txt	5	0	Inf	-Inf	78.89198	-681.5255
m5_S18_k0_eps0.3.P_eps.txt	5	1	Inf	-Inf	72.8737	-534.4008
m5_S18_k0_eps0.3.P_eps.txt	5	2	Inf	-Inf	68.08845	-381.789
m5_S18_k0_eps0.3.P_eps.txt	5	3	Inf	-Inf	65.46049	-215.4685
m5_S18_k0_eps0.3.P_eps.txt	5	4	Inf	-Inf	63.61709	-43.96597
m5_S18_k1_eps0.1.P_eps.txt	5	0	Inf	-Inf	91.63285	-609.6646
m5_S18_k1_eps0.1.P_eps.txt	5	1	Inf	-Inf	41.2771	-807.2424
m5_S18_k1_eps0.1.P_eps.txt	5	2	Inf	-Inf	37.40164	-669.3537
m5_S18_k1_eps0.1.P_eps.txt	5	3	Inf	-Inf	35.77993	-505.4172
m5_S18_k1_eps0.1.P_eps.txt	5	4	Inf	-Inf	34.49893	-337.7038
m5_S18_k1_eps0.2.P_eps.txt	5	0	Inf	-Inf	481.3645	186.5761
m5_S18_k1_eps0.2.P_eps.txt	5	1	Inf	-Inf	62.54862	-607.737
m5_S18_k1_eps0.2.P_eps.txt	5	2	Inf	-Inf	57.15845	-465.7795
m5_S18_k1_eps0.2.P_eps.txt	5	3	Inf	-Inf	56.05738	-289.9026
m5_S18_k1_eps0.2.P_eps.txt	5	4	Inf	-Inf	53.95929	-122.9991
m5_S18_k1_eps0.3.P_eps.txt	5	0	Inf	-Inf	135.9031	-420.4715
m5_S18_k1_eps0.3.P_eps.txt	5	1	Inf	-Inf	76.38255	-511.8281
m5_S18_k1_eps0.3.P_eps.txt	5	2	Inf	-Inf	73.99674	-341.8465
m5_S18_k1_eps0.3.P_eps.txt	5	3	Inf	-Inf	72.53723	-166.195
m5_S18_k1_eps0.3.P_eps.txt	5	4	Inf	-Inf	71.19879	10.07901
m5_S18_k2_eps0.1.P_eps.txt	5	0	Inf	-Inf	278.645	-75.83317
m5_S18_k2_eps0.1.P_eps.txt	5	1	Inf	-Inf	65.73997	-583.8507
m5_S18_k2_eps0.1.P_eps.txt	5	2	Inf	-Inf	43.79194	-593.6407
m5_S18_k2_eps0.1.P_eps.txt	5	3	Inf	-Inf	43.45935	-412.0865
m5_S18_k2_eps0.1.P_eps.txt	5	4	Inf	-Inf	42.35801	-239.1938
m5_S18_k2_eps0.2.P_eps.txt	5	0	Inf	-Inf	118.0251	-488.1729
m5_S18_k2_eps0.2.P_eps.txt	5	1	Inf	-Inf	83.80817	-467.2955
m5_S18_k2_eps0.2.P_eps.txt	5	2	Inf	-Inf	53.87584	-494.1692
m5_S18_k2_eps0.2.P_eps.txt	5	3	Inf	-Inf	51.44481	-331.1184
m5_S18_k2_eps0.2.P_eps.txt	5	4	Inf	-Inf	49.10768	-168.222
m5_S18_k2_eps0.3.P_eps.txt	5	0	Inf	-Inf	398.1884	95.52036
m5_S18_k2_eps0.3.P_eps.txt	5	1	Inf	-Inf	204.4965	-39.12568
m5_S18_k2_eps0.3.P_eps.txt	5	2	Inf	-Inf	77.25818	-321.1432
m5_S18_k2_eps0.3.P_eps.txt	5	3	Inf	-Inf	74.19112	-155.3736
m5_S18_k2_eps0.3.P_eps.txt	5	4	Inf	-Inf	72.57238	19.25111
m5_S3_k0_eps0.1.P_eps.txt	5	0	Inf	-Inf	46.98715	-930.2641
m5_S3_k0_eps0.1.P_eps.txt	5	1	Inf	-Inf	43.74756	-779.3409
m5_S3_k0_eps0.1.P_eps.txt	5	2	Inf	-Inf	40.3718	-632.6735
m5_S3_k0_eps0.1.P_eps.txt	5	3	Inf	-Inf	38.5181	-470.0214
m5_S3_k0_eps0.1.P_eps.txt	5	4	Inf	-Inf	37.2532	-300.8353
m5_S3_k0_eps0.2.P_eps.txt	5	0	Inf	-Inf	54.56036	-858.5361
m5_S3_k0_eps0.2.P_eps.txt	5	1	Inf	-Inf	52.51014	-691.7072
m5_S3_k0_eps0.2.P_eps.txt	5	2	Inf	-Inf	50.67029	-523.6135
m5_S3_k0_eps0.2.P_eps.txt	5	3	Inf	-Inf	49.27056	-351.8461
m5_S3_k0_eps0.2.P_eps.txt	5	4	Inf	-Inf	48.53106	-173.8915
m5_S3_k0_eps0.3.P_eps.txt	5	0	Inf	-Inf	84.04524	-651.1533
m5_S3_k0_eps0.3.P_eps.txt	5	1	Inf	-Inf	80.17724	-488.5551
m5_S3_k0_eps0.3.P_eps.txt	5	2	Inf	-Inf	76.8252	-323.8409
m5_S3_k0_eps0.3.P_eps.txt	5	3	Inf	-Inf	73.68142	-158.6827
m5_S3_k0_eps0.3.P_eps.txt	5	4	Inf	-Inf	71.04766	9.059058
m5_S3_k1_eps0.1.P_eps.txt	5	0	Inf	-Inf	252.8153	-122.5274
m5_S3_k1_eps0.1.P_eps.txt	5	1	Inf	-Inf	50.32625	-712.0973
m5_S3_k1_eps0.1.P_eps.txt	5	2	Inf	-Inf	48.01431	-549.457
m5_S3_k1_eps0.1.P_eps.txt	5	3	Inf	-Inf	46.67418	-377.8312
m5_S3_k1_eps0.1.P_eps.txt	5	4	Inf	-Inf	45.40648	-205.8351
m5_S3_k1_eps0.2.P_eps.txt	5	0	Inf	-Inf	447.6584	151.7309
m5_S3_k1_eps0.2.P_eps.txt	5	1	Inf	-Inf	60.90857	-620.4907
m5_S3_k1_eps0.2.P_eps.txt	5	2	Inf	-Inf	57.79412	-460.4708
m5_S3_k1_eps0.2.P_eps.txt	5	3	Inf	-Inf	55.42416	-295.3555
m5_S3_k1_eps0.2.P_eps.txt	5	4	Inf	-Inf	53.11898	-130.5329
m5_S3_k1_eps0.3.P_eps.txt	5	0	Inf	-Inf	160.759	-339.8486
m5_S3_k1_eps0.3.P_eps.txt	5	1	Inf	-Inf	70.19479	-552.3786
m5_S3_k1_eps0.3.P_eps.txt	5	2	Inf	-Inf	65.03426	-403.8178
m5_S3_k1_eps0.3.P_eps.txt	5	3	Inf	-Inf	62.31895	-239.0756
m5_S3_k1_eps0.3.P_eps.txt	5	4	Inf	-Inf	61.33216	-61.52333
m5_S3_k2_eps0.1.P_eps.txt	5	0	Inf	-Inf	460.1758	164.9684
m5_S3_k2_eps0.1.P_eps.txt	5	1	Inf	-Inf	134.3194	-240.8844
m5_S3_k2_eps0.1.P_eps.txt	5	2	Inf	-Inf	41.0454	-624.7308
m5_S3_k2_eps0.1.P_eps.txt	5	3	Inf	-Inf	38.76193	-466.9925
m5_S3_k2_eps0.1.P_eps.txt	5	4	Inf	-Inf	37.12465	-302.4945
m5_S3_k2_eps0.2.P_eps.txt	5	0	Inf	-Inf	96.89737	-582.8506
m5_S3_k2_eps0.2.P_eps.txt	5	1	Inf	-Inf	64.17991	-595.3789
m5_S3_k2_eps0.2.P_eps.txt	5	2	Inf	-Inf	46.16683	-568.2911
m5_S3_k2_eps0.2.P_eps.txt	5	3	Inf	-Inf	43.25119	-414.3912
m5_S3_k2_eps0.2.P_eps.txt	5	4	Inf	-Inf	41.6633	-247.1316
m5_S3_k2_eps0.3.P_eps.txt	5	0	Inf	-Inf	291.6002	-54.01965
m5_S3_k2_eps0.3.P_eps.txt	5	1	Inf	-Inf	179.589	-101.4682
m5_S3_k2_eps0.3.P_eps.txt	5	2	Inf	-Inf	88.51272	-255.8664
m5_S3_k2_eps0.3.P_eps.txt	5	3	Inf	-Inf	85.4327	-87.65312
m5_S3_k2_eps0.3.P_eps.txt	5	4	Inf	-Inf	82.17405	78.8936
m5_S37_k0_eps0.1.P_eps.txt	5	0	Inf	-Inf	42.58514	-977.4812
m5_S37_k0_eps0.1.P_eps.txt	5	1	Inf	-Inf	39.24544	-831.4692
m5_S37_k0_eps0.1.P_eps.txt	5	2	Inf	-Inf	37.0152	-674.3389
m5_S37_k0_eps0.1.P_eps.txt	5	3	Inf	-Inf	35.6993	-506.5001
m5_S37_k0_eps0.1.P_eps.txt	5	4	Inf	-Inf	33.83815	-346.9868
m5_S37_k0_eps0.2.P_eps.txt	5	0	Inf	-Inf	58.80732	-822.5559
m5_S37_k0_eps0.2.P_eps.txt	5	1	Inf	-Inf	56.66873	-655.1233
m5_S37_k0_eps0.2.P_eps.txt	5	2	Inf	-Inf	54.79048	-486.0887
m5_S37_k0_eps0.2.P_eps.txt	5	3	Inf	-Inf	53.06771	-316.2101
m5_S37_k0_eps0.2.P_eps.txt	5	4	Inf	-Inf	52.00615	-140.6957
m5_S37_k0_eps0.3.P_eps.txt	5	0	Inf	-Inf	82.16186	-662.032
m5_S37_k0_eps0.3.P_eps.txt	5	1	Inf	-Inf	78.7957	-496.8981
m5_S37_k0_eps0.3.P_eps.txt	5	2	Inf	-Inf	75.99846	-329.0343
m5_S37_k0_eps0.3.P_eps.txt	5	3	Inf	-Inf	74.08429	-156.0653
m5_S37_k0_eps0.3.P_eps.txt	5	4	Inf	-Inf	71.22586	10.26141
m5_S37_k1_eps0.1.P_eps.txt	5	0	Inf	-Inf	46.21197	-938.2491
m5_S37_k1_eps0.1.P_eps.txt	5	1	Inf	-Inf	42.71908	-790.7603
m5_S37_k1_eps0.1.P_eps.txt	5	2	Inf	-Inf	41.19647	-622.9674
m5_S37_k1_eps0.1.P_eps.txt	5	3	Inf	-Inf	39.98897	-452.0332
m5_S37_k1_eps0.1.P_eps.txt	5	4	Inf	-Inf	38.22537	-288.4696
m5_S37_k1_eps0.2.P_eps.txt	5	0	Inf	-Inf	75.89025	-700.1454
m5_S37_k1_eps0.2.P_eps.txt	5	1	Inf	-Inf	49.34837	-721.5159
m5_S37_k1_eps0.2.P_eps.txt	5	2	Inf	-Inf	48.14621	-548.1402
m5_S37_k1_eps0.2.P_eps.txt	5	3	Inf	-Inf	46.59774	-378.618
m5_S37_k1_eps0.2.P_eps.txt	5	4	Inf	-Inf	45.44765	-205.4001
m5_S37_k1_eps0.3.P_eps.txt	5	0	Inf	-Inf	116.1609	-495.8151
m5_S37_k1_eps0.3.P_eps.txt	5	1	Inf	-Inf	75.23258	-519.1097
m5_S37_k1_eps0.3.P_eps.txt	5	2	Inf	-Inf	73.4441	-345.4448
m5_S37_k1_eps0.3.P_eps.txt	5	3	Inf	-Inf	70.94267	-176.8644
m5_S37_k1_eps0.3.P_eps.txt	5	4	Inf	-Inf	70.07634	2.451457
m5_S37_k2_eps0.1.P_eps.txt	5	0	Inf	-Inf	159.9838	-342.1688
m5_S37_k2_eps0.1.P_eps.txt	5	1	Inf	-Inf	74.42383	-524.2976
m5_S37_k2_eps0.1.P_eps.txt	5	2	Inf	-Inf	38.31039	-657.8305
m5_S37_k2_eps0.1.P_eps.txt	5	3	Inf	-Inf	36.32243	-498.194
m5_S37_k2_eps0.1.P_eps.txt	5	4	Inf	-Inf	35.39364	-325.4139
m5_S37_k2_eps0.2.P_eps.txt	5	0	Inf	-Inf	251.3048	-125.4038
m5_S37_k2_eps0.2.P_eps.txt	5	1	Inf	-Inf	156.8237	-166.5313
m5_S37_k2_eps0.2.P_eps.txt	5	2	Inf	-Inf	57.14797	-465.8676
m5_S37_k2_eps0.2.P_eps.txt	5	3	Inf	-Inf	55.14966	-297.7387
m5_S37_k2_eps0.2.P_eps.txt	5	4	Inf	-Inf	52.94049	-132.1486
m5_S37_k2_eps0.3.P_eps.txt	5	0	Inf	-Inf	270.3997	-90.25114
m5_S37_k2_eps0.3.P_eps.txt	5	1	Inf	-Inf	115.0725	-315.1202
m5_S37_k2_eps0.3.P_eps.txt	5	2	Inf	-Inf	63.74242	-413.4484
m5_S37_k2_eps0.3.P_eps.txt	5	3	Inf	-Inf	54.27702	-305.3945
m5_S37_k2_eps0.3.P_eps.txt	5	4	Inf	-Inf	52.87144	-132.775
m5_S45_k0_eps0.1.P_eps.txt	5	0	Inf	-Inf	44.56247	-955.6956
m5_S45_k0_eps0.1.P_eps.txt	5	1	Inf	-Inf	43.01505	-787.4461
m5_S45_k0_eps0.1.P_eps.txt	5	2	Inf	-Inf	41.58077	-618.5105
m5_S45_k0_eps0.1.P_eps.txt	5	3	Inf	-Inf	40.40197	-447.1013
m5_S45_k0_eps0.1.P_eps.txt	5	4	Inf	-Inf	40.37724	-262.1816
m5_S45_k0_eps0.2.P_eps.txt	5	0	Inf	-Inf	66.04638	-766.8323
m5_S45_k0_eps0.2.P_eps.txt	5	1	Inf	-Inf	62.80418	-605.7798
m5_S45_k0_eps0.2.P_eps.txt	5	2	Inf	-Inf	59.92806	-443.067
m5_S45_k0_eps0.2.P_eps.txt	5	3	Inf	-Inf	58.23412	-271.6167
m5_S45_k0_eps0.2.P_eps.txt	5	4	Inf	-Inf	56.67968	-99.38982
m5_S45_k0_eps0.3.P_eps.txt	5	0	Inf	-Inf	72.0038	-725.3787
m5_S45_k0_eps0.3.P_eps.txt	5	1	Inf	-Inf	69.29209	-558.5914
m5_S45_k0_eps0.3.P_eps.txt	5	2	Inf	-Inf	67.94655	-382.7903
m5_S45_k0_eps0.3.P_eps.txt	5	3	Inf	-Inf	66.56303	-207.4513
m5_S45_k0_eps0.3.P_eps.txt	5	4	Inf	-Inf	64.35304	-38.44499
m5_S45_k1_eps0.1.P_eps.txt	5	0	Inf	-Inf	51.42569	-886.9376
m5_S45_k1_eps0.1.P_eps.txt	5	1	Inf	-Inf	33.25814	-910.9264
m5_S45_k1_eps0.1.P_eps.txt	5	2	Inf	-Inf	30.88112	-761.307
m5_S45_k1_eps0.1.P_eps.txt	5	3	Inf	-Inf	30.17021	-587.2726
m5_S45_k1_eps0.1.P_eps.txt	5	4	Inf	-Inf	29.88429	-406.6296
m5_S45_k1_eps0.2.P_eps.txt	5	0	Inf	-Inf	370.735	61.23028
m5_S45_k1_eps0.2.P_eps.txt	5	1	Inf	-Inf	51.77461	-698.4783
m5_S45_k1_eps0.2.P_eps.txt	5	2	Inf	-Inf	49.88359	-531.1244
m5_S45_k1_eps0.2.P_eps.txt	5	3	Inf	-Inf	47.84645	-365.9245
m5_S45_k1_eps0.2.P_eps.txt	5	4	Inf	-Inf	46.81391	-191.1829
m5_S45_k1_eps0.3.P_eps.txt	5	0	Inf	-Inf	129.6561	-443.0587
m5_S45_k1_eps0.3.P_eps.txt	5	1	Inf	-Inf	71.82354	-541.3683
m5_S45_k1_eps0.3.P_eps.txt	5	2	Inf	-Inf	67.2824	-387.5052
m5_S45_k1_eps0.3.P_eps.txt	5	3	Inf	-Inf	64.40709	-223.2556
m5_S45_k1_eps0.3.P_eps.txt	5	4	Inf	-Inf	62.60948	-51.6294
m5_S45_k2_eps0.1.P_eps.txt	5	0	Inf	-Inf	271.3062	-88.6446
m5_S45_k2_eps0.1.P_eps.txt	5	1	Inf	-Inf	56.05295	-660.3677
m5_S45_k2_eps0.1.P_eps.txt	5	2	Inf	-Inf	38.10208	-660.4475
m5_S45_k2_eps0.1.P_eps.txt	5	3	Inf	-Inf	36.20163	-499.793
m5_S45_k2_eps0.1.P_eps.txt	5	4	Inf	-Inf	34.74792	-334.252
m5_S45_k2_eps0.2.P_eps.txt	5	0	Inf	-Inf	200.4368	-233.9642
m5_S45_k2_eps0.2.P_eps.txt	5	1	Inf	-Inf	53.78115	-680.2271
m5_S45_k2_eps0.2.P_eps.txt	5	2	Inf	-Inf	50.31445	-526.9963
m5_S45_k2_eps0.2.P_eps.txt	5	3	Inf	-Inf	49.06225	-353.8798
m5_S45_k2_eps0.2.P_eps.txt	5	4	Inf	-Inf	47.746	-181.7197
m5_S45_k2_eps0.3.P_eps.txt	5	0	Inf	-Inf	333.905	11.00736
m5_S45_k2_eps0.3.P_eps.txt	5	1	Inf	-Inf	139.4791	-222.7911
m5_S45_k2_eps0.3.P_eps.txt	5	2	Inf	-Inf	76.87385	-323.537
m5_S45_k2_eps0.3.P_eps.txt	5	3	Inf	-Inf	72.13379	-168.8721
m5_S45_k2_eps0.3.P_eps.txt	5	4	Inf	-Inf	70.40458	4.694591
m5_S5_k0_eps0.1.P_eps.txt	5	0	Inf	-Inf	40.68654	-999.373
m5_S5_k0_eps0.1.P_eps.txt	5	1	Inf	-Inf	38.11718	-845.4709
m5_S5_k0_eps0.1.P_eps.txt	5	2	Inf	-Inf	36.78362	-677.3513
m5_S5_k0_eps0.1.P_eps.txt	5	3	Inf	-Inf	36.11544	-500.9371
m5_S5_k0_eps0.1.P_eps.txt	5	4	Inf	-Inf	35.42315	-325.0139
m5_S5_k0_eps0.2.P_eps.txt	5	0	Inf	-Inf	64.75565	-776.3057
m5_S5_k0_eps0.2.P_eps.txt	5	1	Inf	-Inf	61.17999	-618.3565
m5_S5_k0_eps0.2.P_eps.txt	5	2	Inf	-Inf	58.63109	-453.5693
m5_S5_k0_eps0.2.P_eps.txt	5	3	Inf	-Inf	55.67582	-293.1809
m5_S5_k0_eps0.2.P_eps.txt	5	4	Inf	-Inf	53.64883	-125.7688
m5_S5_k0_eps0.3.P_eps.txt	5	0	Inf	-Inf	80.59529	-671.2725
m5_S5_k0_eps0.3.P_eps.txt	5	1	Inf	-Inf	76.17507	-513.1337
m5_S5_k0_eps0.3.P_eps.txt	5	2	Inf	-Inf	73.00344	-348.3334
m5_S5_k0_eps0.3.P_eps.txt	5	3	Inf	-Inf	69.97301	-183.4704
m5_S5_k0_eps0.3.P_eps.txt	5	4	Inf	-Inf	66.4579	-22.99645
m5_S5_k1_eps0.1.P_eps.txt	5	0	Inf	-Inf	108.3849	-529.0731
m5_S5_k1_eps0.1.P_eps.txt	5	1	Inf	-Inf	32.28884	-925.1237
m5_S5_k1_eps0.1.P_eps.txt	5	2	Inf	-Inf	28.27898	-803.5596
m5_S5_k1_eps0.1.P_eps.txt	5	3	Inf	-Inf	25.09779	-675.6287
m5_S5_k1_eps0.1.P_eps.txt	5	4	Inf	-Inf	24.78956	-496.3467
m5_S5_k1_eps0.2.P_eps.txt	5	0	Inf	-Inf	67.08921	-759.3126
m5_S5_k1_eps0.2.P_eps.txt	5	1	Inf	-Inf	47.94344	-735.3796
m5_S5_k1_eps0.2.P_eps.txt	5	2	Inf	-Inf	45.93263	-570.7323
m5_S5_k1_eps0.2.P_eps.txt	5	3	Inf	-Inf	43.92553	-406.965
m5_S5_k1_eps0.2.P_eps.txt	5	4	Inf	-Inf	42.8292	-233.8837
m5_S5_k1_eps0.3.P_eps.txt	5	0	Inf	-Inf	90.85758	-613.743
m5_S5_k1_eps0.3.P_eps.txt	5	1	Inf	-Inf	72.46484	-537.1015
m5_S5_k1_eps0.3.P_eps.txt	5	2	Inf	-Inf	67.92062	-382.9736
m5_S5_k1_eps0.3.P_eps.txt	5	3	Inf	-Inf	66.1682	-210.307
m5_S5_k1_eps0.3.P_eps.txt	5	4	Inf	-Inf	64.7471	-35.51477
m5_S5_k2_eps0.1.P_eps.txt	5	0	Inf	-Inf	334.4556	11.7983
m5_S5_k2_eps0.1.P_eps.txt	5	1	Inf	-Inf	65.34535	-586.7408
m5_S5_k2_eps0.1.P_eps.txt	5	2	Inf	-Inf	47.48073	-554.8211
m5_S5_k2_eps0.1.P_eps.txt	5	3	Inf	-Inf	45.94868	-385.3509
m5_S5_k2_eps0.1.P_eps.txt	5	4	Inf	-Inf	45.04392	-209.6832
m5_S5_k2_eps0.2.P_eps.txt	5	0	Inf	-Inf	529.3993	232.2329
m5_S5_k2_eps0.2.P_eps.txt	5	1	Inf	-Inf	86.07258	-454.4986
m5_S5_k2_eps0.2.P_eps.txt	5	2	Inf	-Inf	51.71965	-513.7744
m5_S5_k2_eps0.2.P_eps.txt	5	3	Inf	-Inf	48.03139	-364.0727
m5_S5_k2_eps0.2.P_eps.txt	5	4	Inf	-Inf	45.61071	-203.681
m5_S5_k2_eps0.3.P_eps.txt	5	0	Inf	-Inf	471.4593	176.596
m5_S5_k2_eps0.3.P_eps.txt	5	1	Inf	-Inf	243.053	43.78392
m5_S5_k2_eps0.3.P_eps.txt	5	2	Inf	-Inf	71.55017	-357.9851
m5_S5_k2_eps0.3.P_eps.txt	5	3	Inf	-Inf	68.19372	-195.8338
m5_S5_k2_eps0.3.P_eps.txt	5	4	Inf	-Inf	65.65725	-28.81437
m5_S62_k0_eps0.1.P_eps.txt	5	0	Inf	-Inf	44.50237	-956.3434
m5_S62_k0_eps0.1.P_eps.txt	5	1	Inf	-Inf	42.47346	-793.5281
m5_S62_k0_eps0.1.P_eps.txt	5	2	Inf	-Inf	41.35902	-621.0771
m5_S62_k0_eps0.1.P_eps.txt	5	3	Inf	-Inf	39.20591	-461.5258
m5_S62_k0_eps0.1.P_eps.txt	5	4	Inf	-Inf	38.03039	-290.9244
m5_S62_k0_eps0.2.P_eps.txt	5	0	Inf	-Inf	52.7383	-874.8396
m5_S62_k0_eps0.2.P_eps.txt	5	1	Inf	-Inf	49.24109	-722.5605
m5_S62_k0_eps0.2.P_eps.txt	5	2	Inf	-Inf	46.87672	-560.9664
m5_S62_k0_eps0.2.P_eps.txt	5	3	Inf	-Inf	45.23287	-392.8875
m5_S62_k0_eps0.2.P_eps.txt	5	4	Inf	-Inf	44.52941	-215.1975
m5_S62_k0_eps0.3.P_eps.txt	5	0	Inf	-Inf	76.58932	-695.7441
m5_S62_k0_eps0.3.P_eps.txt	5	1	Inf	-Inf	73.67499	-529.1517
m5_S62_k0_eps0.3.P_eps.txt	5	2	Inf	-Inf	71.11269	-360.929
m5_S62_k0_eps0.3.P_eps.txt	5	3	Inf	-Inf	69.45343	-187.0479
m5_S62_k0_eps0.3.P_eps.txt	5	4	Inf	-Inf	67.49022	-15.59775
m5_S62_k1_eps0.1.P_eps.txt	5	0	Inf	-Inf	51.2759	-888.3377
m5_S62_k1_eps0.1.P_eps.txt	5	1	Inf	-Inf	38.44883	-841.3126
m5_S62_k1_eps0.1.P_eps.txt	5	2	Inf	-Inf	36.00255	-687.6534
m5_S62_k1_eps0.1.P_eps.txt	5	3	Inf	-Inf	34.7409	-519.5626
m5_S62_k1_eps0.1.P_eps.txt	5	4	Inf	-Inf	34.9588	-331.3477
m5_S62_k1_eps0.2.P_eps.txt	5	0	Inf	-Inf	460.5967	165.4072
m5_S62_k1_eps0.2.P_eps.txt	5	1	Inf	-Inf	56.20983	-659.0261
m5_S62_k1_eps0.2.P_eps.txt	5	2	Inf	-Inf	52.39599	-507.5382
m5_S62_k1_eps0.2.P_eps.txt	5	3	Inf	-Inf	47.31455	-371.2904
m5_S62_k1_eps0.2.P_eps.txt	5	4	Inf	-Inf	47.41609	-185.0479
m5_S62_k1_eps0.3.P_eps.txt	5	0	Inf	-Inf	353.1796	37.94512
m5_S62_k1_eps0.3.P_eps.txt	5	1	Inf	-Inf	79.64412	-491.7575
m5_S62_k1_eps0.3.P_eps.txt	5	2	Inf	-Inf	75.65196	-331.2278
m5_S62_k1_eps0.3.P_eps.txt	5	3	Inf	-Inf	72.6273	-165.5994
m5_S62_k1_eps0.3.P_eps.txt	5	4	Inf	-Inf	70.78242	7.263696
m5_S62_k2_eps0.1.P_eps.txt	5	0	Inf	-Inf	323.3578	-4.399276
m5_S62_k2_eps0.1.P_eps.txt	5	1	Inf	-Inf	111.3364	-330.9632
m5_S62_k2_eps0.1.P_eps.txt	5	2	Inf	-Inf	39.55959	-642.4287
m5_S62_k2_eps0.1.P_eps.txt	5	3	Inf	-Inf	38.07787	-475.539
m5_S62_k2_eps0.1.P_eps.txt	5	4	Inf	-Inf	37.22458	-301.2042
m5_S62_k2_eps0.2.P_eps.txt	5	0	Inf	-Inf	141.2229	-402.041
m5_S62_k2_eps0.2.P_eps.txt	5	1	Inf	-Inf	92.95887	-417.5548
m5_S62_k2_eps0.2.P_eps.txt	5	2	Inf	-Inf	55.35912	-481.1327
m5_S62_k2_eps0.2.P_eps.txt	5	3	Inf	-Inf	52.80362	-318.6047
m5_S62_k2_eps0.2.P_eps.txt	5	4	Inf	-Inf	50.81412	-151.8258
m5_S62_k2_eps0.3.P_eps.txt	5	0	Inf	-Inf	196.7081	-242.9778
m5_S62_k2_eps0.3.P_eps.txt	5	1	Inf	-Inf	127.2541	-266.821
m5_S62_k2_eps0.3.P_eps.txt	5	2	Inf	-Inf	70.10701	-367.7656
m5_S62_k2_eps0.3.P_eps.txt	5	3	Inf	-Inf	66.07089	-211.0134
m5_S62_k2_eps0.3.P_eps.txt	5	4	Inf	-Inf	64.88173	-34.51768
m5_S66_k0_eps0.1.P_eps.txt	5	0	Inf	-Inf	46.06005	-939.8297
m5_S66_k0_eps0.1.P_eps.txt	5	1	Inf	-Inf	43.31499	-784.1108
m5_S66_k0_eps0.1.P_eps.txt	5	2	Inf	-Inf	40.94609	-625.8936
m5_S66_k0_eps0.1.P_eps.txt	5	3	Inf	-Inf	38.62419	-468.7012
m5_S66_k0_eps0.1.P_eps.txt	5	4	Inf	-Inf	36.8054	-306.64
m5_S66_k0_eps0.2.P_eps.txt	5	0	Inf	-Inf	51.27769	-888.321
m5_S66_k0_eps0.2.P_eps.txt	5	1	Inf	-Inf	49.48167	-720.2211
m5_S66_k0_eps0.2.P_eps.txt	5	2	Inf	-Inf	47.81864	-551.4171
m5_S66_k0_eps0.2.P_eps.txt	5	3	Inf	-Inf	46.28972	-381.8015
m5_S66_k0_eps0.2.P_eps.txt	5	4	Inf	-Inf	45.20841	-207.9335
m5_S66_k0_eps0.3.P_eps.txt	5	0	Inf	-Inf	79.1595	-679.9006
m5_S66_k0_eps0.3.P_eps.txt	5	1	Inf	-Inf	74.97775	-520.7383
m5_S66_k0_eps0.3.P_eps.txt	5	2	Inf	-Inf	71.15706	-360.6296
m5_S66_k0_eps0.3.P_eps.txt	5	3	Inf	-Inf	70.09056	-182.6647
m5_S66_k0_eps0.3.P_eps.txt	5	4	Inf	-Inf	68.77586	-6.540059
m5_S66_k1_eps0.1.P_eps.txt	5	0	Inf	-Inf	351.5047	35.66327
m5_S66_k1_eps0.1.P_eps.txt	5	1	Inf	-Inf	40.48648	-816.5255
m5_S66_k1_eps0.1.P_eps.txt	5	2	Inf	-Inf	38.87958	-650.7514
m5_S66_k1_eps0.1.P_eps.txt	5	3	Inf	-Inf	37.60991	-481.4746
m5_S66_k1_eps0.1.P_eps.txt	5	4	Inf	-Inf	36.60141	-309.3078
m5_S66_k1_eps0.2.P_eps.txt	5	0	Inf	-Inf	127.8203	-449.9037
m5_S66_k1_eps0.2.P_eps.txt	5	1	Inf	-Inf	57.08297	-651.6274
m5_S66_k1_eps0.2.P_eps.txt	5	2	Inf	-Inf	54.15493	-491.6891
m5_S66_k1_eps0.2.P_eps.txt	5	3	Inf	-Inf	51.8289	-327.548
m5_S66_k1_eps0.2.P_eps.txt	5	4	Inf	-Inf	50.52428	-154.5715
m5_S66_k1_eps0.3.P_eps.txt	5	0	Inf	-Inf	82.53666	-659.8473
m5_S66_k1_eps0.3.P_eps.txt	5	1	Inf	-Inf	68.04124	-567.3355
m5_S66_k1_eps0.3.P_eps.txt	5	2	Inf	-Inf	64.59869	-407.0434
m5_S66_k1_eps0.3.P_eps.txt	5	3	Inf	-Inf	62.60542	-236.8741
m5_S66_k1_eps0.3.P_eps.txt	5	4	Inf	-Inf	60.91702	-64.7834
m5_S66_k2_eps0.1.P_eps.txt	5	0	Inf	-Inf	359.7678	46.81643
m5_S66_k2_eps0.1.P_eps.txt	5	1	Inf	-Inf	255.0114	66.83781
m5_S66_k2_eps0.1.P_eps.txt	5	2	Inf	-Inf	35.1516	-699.1349
m5_S66_k2_eps0.1.P_eps.txt	5	3	Inf	-Inf	33.57463	-535.953
m5_S66_k2_eps0.1.P_eps.txt	5	4	Inf	-Inf	32.69705	-363.4527
m5_S66_k2_eps0.2.P_eps.txt	5	0	Inf	-Inf	581.6367	277.4023
m5_S66_k2_eps0.2.P_eps.txt	5	1	Inf	-Inf	261.1004	78.16418
m5_S66_k2_eps0.2.P_eps.txt	5	2	Inf	-Inf	56.79571	-468.8354
m5_S66_k2_eps0.2.P_eps.txt	5	3	Inf	-Inf	55.20392	-297.2667
m5_S66_k2_eps0.2.P_eps.txt	5	4	Inf	-Inf	53.77195	-124.6685
m5_S66_k2_eps0.3.P_eps.txt	5	0	Inf	-Inf	320.9221	-8.028462
m5_S66_k2_eps0.3.P_eps.txt	5	1	Inf	-Inf	86.23196	-453.6106
m5_S66_k2_eps0.3.P_eps.txt	5	2	Inf	-Inf	78.19655	-315.3483
m5_S66_k2_eps0.3.P_eps.txt	5	3	Inf	-Inf	76.3661	-141.5043
m5_S66_k2_eps0.3.P_eps.txt	5	4	Inf	-Inf	74.97873	34.90873
m5_S69_k0_eps0.1.P_eps.txt	5	0	Inf	-Inf	40.2437	-1004.626
m5_S69_k0_eps0.1.P_eps.txt	5	1	Inf	-Inf	36.59498	-865.0329
m5_S69_k0_eps0.1.P_eps.txt	5	2	Inf	-Inf	35.64296	-692.4718
m5_S69_k0_eps0.1.P_eps.txt	5	3	Inf	-Inf	34.44368	-523.6868
m5_S69_k0_eps0.1.P_eps.txt	5	4	Inf	-Inf	33.50382	-351.7529
m5_S69_k0_eps0.2.P_eps.txt	5	0	Inf	-Inf	50.68447	-893.9064
m5_S69_k0_eps0.2.P_eps.txt	5	1	Inf	-Inf	48.42552	-730.5773
m5_S69_k0_eps0.2.P_eps.txt	5	2	Inf	-Inf	46.39894	-565.8838
m5_S69_k0_eps0.2.P_eps.txt	5	3	Inf	-Inf	44.38608	-401.9585
m5_S69_k0_eps0.2.P_eps.txt	5	4	Inf	-Inf	43.41109	-227.4063
m5_S69_k0_eps0.3.P_eps.txt	5	0	Inf	-Inf	77.69507	-688.8637
m5_S69_k0_eps0.3.P_eps.txt	5	1	Inf	-Inf	74.78984	-521.9428
m5_S69_k0_eps0.3.P_eps.txt	5	2	Inf	-Inf	71.76629	-356.5375
m5_S69_k0_eps0.3.P_eps.txt	5	3	Inf	-Inf	69.83201	-184.4386
m5_S69_k0_eps0.3.P_eps.txt	5	4	Inf	-Inf	68.30259	-9.854498
m5_S69_k1_eps0.1.P_eps.txt	5	0	Inf	-Inf	207.4709	-217.4081
m5_S69_k1_eps0.1.P_eps.txt	5	1	Inf	-Inf	39.28259	-831.0151
m5_S69_k1_eps0.1.P_eps.txt	5	2	Inf	-Inf	37.95662	-662.2835
m5_S69_k1_eps0.1.P_eps.txt	5	3	Inf	-Inf	36.61901	-494.2906
m5_S69_k1_eps0.1.P_eps.txt	5	4	Inf	-Inf	35.71362	-321.094
m5_S69_k1_eps0.2.P_eps.txt	5	0	Inf	-Inf	140.7573	-403.6259
m5_S69_k1_eps0.2.P_eps.txt	5	1	Inf	-Inf	55.24613	-667.327
m5_S69_k1_eps0.2.P_eps.txt	5	2	Inf	-Inf	53.64706	-496.2117
m5_S69_k1_eps0.2.P_eps.txt	5	3	Inf	-Inf	52.18126	-324.2957
m5_S69_k1_eps0.2.P_eps.txt	5	4	Inf	-Inf	51.42175	-146.1201
m5_S69_k1_eps0.3.P_eps.txt	5	0	Inf	-Inf	149.1245	-375.9085
m5_S69_k1_eps0.3.P_eps.txt	5	1	Inf	-Inf	70.00622	-553.6698
m5_S69_k1_eps0.3.P_eps.txt	5	2	Inf	-Inf	67.10476	-388.7742
m5_S69_k1_eps0.3.P_eps.txt	5	3	Inf	-Inf	63.97307	-226.5011
m5_S69_k1_eps0.3.P_eps.txt	5	4	Inf	-Inf	62.04024	-56.01346
m5_S69_k2_eps0.1.P_eps.txt	5	0	Inf	-Inf	478.5814	183.7929
m5_S69_k2_eps0.1.P_eps.txt	5	1	Inf	-Inf	251.9791	61.09594
m5_S69_k2_eps0.1.P_eps.txt	5	2	Inf	-Inf	44.24241	-588.7283
m5_S69_k2_eps0.1.P_eps.txt	5	3	Inf	-Inf	43.27312	-414.1478
m5_S69_k2_eps0.1.P_eps.txt	5	4	Inf	-Inf	42.29214	-239.9409
m5_S69_k2_eps0.2.P_eps.txt	5	0	Inf	-Inf	241.5338	-144.4393
m5_S69_k2_eps0.2.P_eps.txt	5	1	Inf	-Inf	113.683	-320.9514
m5_S69_k2_eps0.2.P_eps.txt	5	2	Inf	-Inf	52.54622	-506.1639
m5_S69_k2_eps0.2.P_eps.txt	5	3	Inf	-Inf	50.49409	-340.0719
m5_S69_k2_eps0.2.P_eps.txt	5	4	Inf	-Inf	48.54593	-173.7444
m5_S69_k2_eps0.3.P_eps.txt	5	0	Inf	-Inf	434.4398	137.3438
m5_S69_k2_eps0.3.P_eps.txt	5	1	Inf	-Inf	233.4649	24.46511
m5_S69_k2_eps0.3.P_eps.txt	5	2	Inf	-Inf	83.5471	-283.5795
m5_S69_k2_eps0.3.P_eps.txt	5	3	Inf	-Inf	79.48124	-122.3129
m5_S69_k2_eps0.3.P_eps.txt	5	4	Inf	-Inf	77.43852	50.40307
m5_S71_k0_eps0.1.P_eps.txt	5	0	Inf	-Inf	48.02286	-919.7987
m5_S71_k0_eps0.1.P_eps.txt	5	1	Inf	-Inf	45.11819	-764.5332
m5_S71_k0_eps0.1.P_eps.txt	5	2	Inf	-Inf	43.5571	-596.2217
m5_S71_k0_eps0.1.P_eps.txt	5	3	Inf	-Inf	42.35003	-424.4978
m5_S71_k0_eps0.1.P_eps.txt	5	4	Inf	-Inf	41.43085	-249.817
m5_S71_k0_eps0.2.P_eps.txt	5	0	Inf	-Inf	59.28606	-818.6641
m5_S71_k0_eps0.2.P_eps.txt	5	1	Inf	-Inf	56.44018	-657.0631
m5_S71_k0_eps0.2.P_eps.txt	5	2	Inf	-Inf	54.96075	-484.5994
m5_S71_k0_eps0.2.P_eps.txt	5	3	Inf	-Inf	53.64717	-310.9972
m5_S71_k0_eps0.2.P_eps.txt	5	4	Inf	-Inf	52.61805	-135.081
m5_S71_k0_eps0.3.P_eps.txt	5	0	Inf	-Inf	67.95052	-753.1894
m5_S71_k0_eps0.3.P_eps.txt	5	1	Inf	-Inf	65.6135	-584.775
m5_S71_k0_eps0.3.P_eps.txt	5	2	Inf	-Inf	64.15811	-410.3284
m5_S71_k0_eps0.3.P_eps.txt	5	3	Inf	-Inf	62.16508	-240.2621
m5_S71_k0_eps0.3.P_eps.txt	5	4	Inf	-Inf	60.9478	-64.54089
m5_S71_k1_eps0.1.P_eps.txt	5	0	Inf	-Inf	485.0988	190.2855
m5_S71_k1_eps0.1.P_eps.txt	5	1	Inf	-Inf	42.11593	-797.5856
m5_S71_k1_eps0.1.P_eps.txt	5	2	Inf	-Inf	37.95066	-662.3588
m5_S71_k1_eps0.1.P_eps.txt	5	3	Inf	-Inf	36.49741	-495.8872
m5_S71_k1_eps0.1.P_eps.txt	5	4	Inf	-Inf	35.41447	-325.1316
m5_S71_k1_eps0.2.P_eps.txt	5	0	Inf	-Inf	90.61822	-615.0092
m5_S71_k1_eps0.2.P_eps.txt	5	1	Inf	-Inf	50.88671	-706.7813
m5_S71_k1_eps0.2.P_eps.txt	5	2	Inf	-Inf	47.57071	-553.9123
m5_S71_k1_eps0.2.P_eps.txt	5	3	Inf	-Inf	44.38109	-402.0125
m5_S71_k1_eps0.2.P_eps.txt	5	4	Inf	-Inf	42.56376	-236.8679
m5_S71_k1_eps0.3.P_eps.txt	5	0	Inf	-Inf	194.3459	-248.7767
m5_S71_k1_eps0.3.P_eps.txt	5	1	Inf	-Inf	77.73291	-503.4164
m5_S71_k1_eps0.3.P_eps.txt	5	2	Inf	-Inf	74.51653	-338.4865
m5_S71_k1_eps0.3.P_eps.txt	5	3	Inf	-Inf	72.80855	-164.403
m5_S71_k1_eps0.3.P_eps.txt	5	4	Inf	-Inf	70.98747	8.652222
m5_S71_k2_eps0.1.P_eps.txt	5	0	Inf	-Inf	144.0006	-392.6915
m5_S71_k2_eps0.1.P_eps.txt	5	1	Inf	-Inf	51.22795	-703.5733
m5_S71_k2_eps0.1.P_eps.txt	5	2	Inf	-Inf	40.1844	-634.9067
m5_S71_k2_eps0.1.P_eps.txt	5	3	Inf	-Inf	36.65135	-493.8669
m5_S71_k2_eps0.1.P_eps.txt	5	4	Inf	-Inf	35.82843	-319.5533
m5_S71_k2_eps0.2.P_eps.txt	5	0	Inf	-Inf	604.1678	295.6452
m5_S71_k2_eps0.2.P_eps.txt	5	1	Inf	-Inf	150.8828	-185.0685
m5_S71_k2_eps0.2.P_eps.txt	5	2	Inf	-Inf	50.89177	-521.52
m5_S71_k2_eps0.2.P_eps.txt	5	3	Inf	-Inf	48.91381	-355.3343
m5_S71_k2_eps0.2.P_eps.txt	5	4	Inf	-Inf	47.97738	-179.3991
m5_S71_k2_eps0.3.P_eps.txt	5	0	Inf	-Inf	285.6494	-63.91641
m5_S71_k2_eps0.3.P_eps.txt	5	1	Inf	-Inf	108.2462	-344.4741
m5_S71_k2_eps0.3.P_eps.txt	5	2	Inf	-Inf	64.30718	-409.2143
m5_S71_k2_eps0.3.P_eps.txt	5	3	Inf	-Inf	62.57969	-237.0714
m5_S71_k2_eps0.3.P_eps.txt	5	4	Inf	-Inf	60.96006	-64.44431
m5_S9_k0_eps0.1.P_eps.txt	5	0	Inf	-Inf	44.27866	-958.7624
m5_S9_k0_eps0.1.P_eps.txt	5	1	Inf	-Inf	41.90828	-799.9581
m5_S9_k0_eps0.1.P_eps.txt	5	2	Inf	-Inf	39.12814	-647.6925
m5_S9_k0_eps0.1.P_eps.txt	5	3	Inf	-Inf	36.35722	-497.7344
m5_S9_k0_eps0.1.P_eps.txt	5	4	Inf	-Inf	35.08201	-329.659
m5_S9_k0_eps0.2.P_eps.txt	5	0	Inf	-Inf	52.93895	-873.0168
m5_S9_k0_eps0.2.P_eps.txt	5	1	Inf	-Inf	50.9476	-706.2073
m5_S9_k0_eps0.2.P_eps.txt	5	2	Inf	-Inf	48.9997	-539.7057
m5_S9_k0_eps0.2.P_eps.txt	5	3	Inf	-Inf	47.75013	-366.8918
m5_S9_k0_eps0.2.P_eps.txt	5	4	Inf	-Inf	46.83416	-190.9752
m5_S9_k0_eps0.3.P_eps.txt	5	0	Inf	-Inf	86.20622	-638.9674
m5_S9_k0_eps0.3.P_eps.txt	5	1	Inf	-Inf	79.21819	-494.3313
m5_S9_k0_eps0.3.P_eps.txt	5	2	Inf	-Inf	75.62936	-331.3712
m5_S9_k0_eps0.3.P_eps.txt	5	3	Inf	-Inf	72.51841	-166.3196
m5_S9_k0_eps0.3.P_eps.txt	5	4	Inf	-Inf	72.30168	17.45731
m5_S9_k1_eps0.1.P_eps.txt	5	0	Inf	-Inf	146.9529	-382.95
m5_S9_k1_eps0.1.P_eps.txt	5	1	Inf	-Inf	40.41038	-817.4286
m5_S9_k1_eps0.1.P_eps.txt	5	2	Inf	-Inf	38.01594	-661.534
m5_S9_k1_eps0.1.P_eps.txt	5	3	Inf	-Inf	35.73213	-506.0589
m5_S9_k1_eps0.1.P_eps.txt	5	4	Inf	-Inf	33.95772	-345.2936
m5_S9_k1_eps0.2.P_eps.txt	5	0	Inf	-Inf	215.2242	-199.7972
m5_S9_k1_eps0.2.P_eps.txt	5	1	Inf	-Inf	57.17545	-650.8503
m5_S9_k1_eps0.2.P_eps.txt	5	2	Inf	-Inf	54.28038	-490.5784
m5_S9_k1_eps0.2.P_eps.txt	5	3	Inf	-Inf	52.21912	-323.9476
m5_S9_k1_eps0.2.P_eps.txt	5	4	Inf	-Inf	50.86655	-151.3308
m5_S9_k1_eps0.3.P_eps.txt	5	0	Inf	-Inf	271.783	-87.80177
m5_S9_k1_eps0.3.P_eps.txt	5	1	Inf	-Inf	77.86115	-502.6252
m5_S9_k1_eps0.3.P_eps.txt	5	2	Inf	-Inf	74.56608	-338.1675
m5_S9_k1_eps0.3.P_eps.txt	5	3	Inf	-Inf	72.0908	-169.1583
m5_S9_k1_eps0.3.P_eps.txt	5	4	Inf	-Inf	70.72745	6.890757
m5_S9_k2_eps0.1.P_eps.txt	5	0	Inf	-Inf	223.7726	-181.1012
m5_S9_k2_eps0.1.P_eps.txt	5	1	Inf	-Inf	89.23805	-437.1625
m5_S9_k2_eps0.1.P_eps.txt	5	2	Inf	-Inf	37.18013	-672.2048
m5_S9_k2_eps0.1.P_eps.txt	5	3	Inf	-Inf	35.58669	-508.0166
m5_S9_k2_eps0.1.P_eps.txt	5	4	Inf	-Inf	34.55078	-336.983
m5_S9_k2_eps0.2.P_eps.txt	5	0	Inf	-Inf	151.1428	-369.4556
m5_S9_k2_eps0.2.P_eps.txt	5	1	Inf	-Inf	102.8872	-368.846
m5_S9_k2_eps0.2.P_eps.txt	5	2	Inf	-Inf	53.14243	-500.7482
m5_S9_k2_eps0.2.P_eps.txt	5	3	Inf	-Inf	49.37869	-350.7939
m5_S9_k2_eps0.2.P_eps.txt	5	4	Inf	-Inf	47.86497	-180.5251
m5_S9_k2_eps0.3.P_eps.txt	5	0	Inf	-Inf	201.1378	-232.2883
m5_S9_k2_eps0.3.P_eps.txt	5	1	Inf	-Inf	106.5131	-352.2213
m5_S9_k2_eps0.3.P_eps.txt	5	2	Inf	-Inf	77.92038	-317.0466
m5_S9_k2_eps0.3.P_eps.txt	5	3	Inf	-Inf	73.13622	-162.2476
m5_S9_k2_eps0.3.P_eps.txt	5	4	Inf	-Inf	69.20229	-3.573101
m7_S10_k0_eps0.1.P_eps.txt	7	0	Inf	-Inf	65.95732	-1364.573
m7_S10_k0_eps0.1.P_eps.txt	7	1	Inf	-Inf	63.03785	-1199.688
m7_S10_k0_eps0.1.P_eps.txt	7	2	Inf	-Inf	59.92402	-1038.422
m7_S10_k0_eps0.1.P_eps.txt	7	3	Inf	-Inf	57.91698	-866.0074
m7_S10_k0_eps0.1.P_eps.txt	7	4	Inf	-Inf	56.24382	-690.3991
m7_S10_k0_eps0.1.P_eps.txt	7	5	Inf	-Inf	54.78902	-512.702
m7_S10_k0_eps0.1.P_eps.txt	7	6	Inf	-Inf	53.51521	-333.2022
m7_S10_k0_eps0.2.P_eps.txt	7	0	Inf	-Inf	88.37576	-1167.952
m7_S10_k0_eps0.2.P_eps.txt	7	1	Inf	-Inf	84.28825	-1004.467
m7_S10_k0_eps0.2.P_eps.txt	7	2	Inf	-Inf	79.99642	-844.2785
m7_S10_k0_eps0.2.P_eps.txt	7	3	Inf	-Inf	77.18359	-673.025
m7_S10_k0_eps0.2.P_eps.txt	7	4	Inf	-Inf	74.96339	-497.3309
m7_S10_k0_eps0.2.P_eps.txt	7	5	Inf	-Inf	73.25747	-317.4924
m7_S10_k0_eps0.2.P_eps.txt	7	6	Inf	-Inf	72.12897	-132.6171
m7_S10_k0_eps0.3.P_eps.txt	7	0	Inf	-Inf	106.2386	-1044.244
m7_S10_k0_eps0.3.P_eps.txt	7	1	Inf	-Inf	104.0001	-863.2468
m7_S10_k0_eps0.3.P_eps.txt	7	2	Inf	-Inf	101.4728	-684.4707
m7_S10_k0_eps0.3.P_eps.txt	7	3	Inf	-Inf	99.46063	-502.6226
m7_S10_k0_eps0.3.P_eps.txt	7	4	Inf	-Inf	97.46493	-320.9358
m7_S10_k0_eps0.3.P_eps.txt	7	5	Inf	-Inf	95.86316	-136.7637
m7_S10_k0_eps0.3.P_eps.txt	7	6	Inf	-Inf	94.28935	47.42012
m7_S10_k1_eps0.1.P_eps.txt	7	0	Inf	-Inf	358.4078	-227.1027
m7_S10_k1_eps0.1.P_eps.txt	7	1	Inf	-Inf	55.28171	-1287.917
m7_S10_k1_eps0.1.P_eps.txt	7	2	Inf	-Inf	51.58974	-1139.057
m7_S10_k1_eps0.1.P_eps.txt	7	3	Inf	-Inf	48.70015	-982.4842
m7_S10_k1_eps0.1.P_eps.txt	7	4	Inf	-Inf	46.02253	-825.1788
m7_S10_k1_eps0.1.P_eps.txt	7	5	Inf	-Inf	44.3261	-655.1096
m7_S10_k1_eps0.1.P_eps.txt	7	6	Inf	-Inf	43.29476	-475.6221
m7_S10_k1_eps0.2.P_eps.txt	7	0	Inf	-Inf	224.1373	-542.5479
m7_S10_k1_eps0.2.P_eps.txt	7	1	Inf	-Inf	75.62814	-1077.321
m7_S10_k1_eps0.2.P_eps.txt	7	2	Inf	-Inf	72.75067	-908.0808
m7_S10_k1_eps0.2.P_eps.txt	7	3	Inf	-Inf	70.56208	-733.2994
m7_S10_k1_eps0.2.P_eps.txt	7	4	Inf	-Inf	68.13957	-561.4678
m7_S10_k1_eps0.2.P_eps.txt	7	5	Inf	-Inf	66.62515	-381.2639
m7_S10_k1_eps0.2.P_eps.txt	7	6	Inf	-Inf	65.40676	-198.3589
m7_S10_k1_eps0.3.P_eps.txt	7	0	Inf	-Inf	227.4541	-532.6765
m7_S10_k1_eps0.3.P_eps.txt	7	1	Inf	-Inf	104.2859	-861.4025
m7_S10_k1_eps0.3.P_eps.txt	7	2	Inf	-Inf	99.75236	-695.9622
m7_S10_k1_eps0.3.P_eps.txt	7	3	Inf	-Inf	96.66897	-521.754
m7_S10_k1_eps0.3.P_eps.txt	7	4	Inf	-Inf	94.47727	-341.8574
m7_S10_k1_eps0.3.P_eps.txt	7	5	Inf	-Inf	92.37269	-161.6884
m7_S10_k1_eps0.3.P_eps.txt	7	6	Inf	-Inf	90.48863	19.7713
m7_S10_k2_eps0.1.P_eps.txt	7	0	Inf	-Inf	427.324	-108.9174
m7_S10_k2_eps0.1.P_eps.txt	7	1	Inf	-Inf	251.4273	-270.0307
m7_S10_k2_eps0.1.P_eps.txt	7	2	Inf	-Inf	57.1746	-1069.985
m7_S10_k2_eps0.1.P_eps.txt	7	3	Inf	-Inf	54.8254	-902.8714
m7_S10_k2_eps0.1.P_eps.txt	7	4	Inf	-Inf	52.96413	-730.7737
m7_S10_k2_eps0.1.P_eps.txt	7	5	Inf	-Inf	51.1936	-558.3142
m7_S10_k2_eps0.1.P_eps.txt	7	6	Inf	-Inf	49.71266	-382.7329
m7_S10_k2_eps0.2.P_eps.txt	7	0	Inf	-Inf	509.439	9.19851
m7_S10_k2_eps0.2.P_eps.txt	7	1	Inf	-Inf	121.5715	-758.3402
m7_S10_k2_eps0.2.P_eps.txt	7	2	Inf	-Inf	78.37768	-858.016
m7_S10_k2_eps0.2.P_eps.txt	7	3	Inf	-Inf	75.45923	-688.2085
m7_S10_k2_eps0.2.P_eps.txt	7	4	Inf	-Inf	73.06106	-514.6043
m7_S10_k2_eps0.2.P_eps.txt	7	5	Inf	-Inf	72.2006	-327.2578
m7_S10_k2_eps0.2.P_eps.txt	7	6	Inf	-Inf	71.05922	-142.6582
m7_S10_k2_eps0.3.P_eps.txt	7	0	Inf	-Inf	476.3984	-35.86285
m7_S10_k2_eps0.3.P_eps.txt	7	1	Inf	-Inf	254.5177	-261.8213
m7_S10_k2_eps0.3.P_eps.txt	7	2	Inf	-Inf	110.2424	-628.7686
m7_S10_k2_eps0.3.P_eps.txt	7	3	Inf	-Inf	107.3723	-451.1877
m7_S10_k2_eps0.3.P_eps.txt	7	4	Inf	-Inf	103.0925	-283.2135
m7_S10_k2_eps0.3.P_eps.txt	7	5	Inf	-Inf	100.1635	-107.2748
m7_S10_k2_eps0.3.P_eps.txt	7	6	Inf	-Inf	97.80403	72.01364
m7_S12_k0_eps0.1.P_eps.txt	7	0	Inf	-Inf	66.99594	-1354.073
m7_S12_k0_eps0.1.P_eps.txt	7	1	Inf	-Inf	63.05831	-1199.47
m7_S12_k0_eps0.1.P_eps.txt	7	2	Inf	-Inf	59.78849	-1039.944
m7_S12_k0_eps0.1.P_eps.txt	7	3	Inf	-Inf	56.24909	-885.6438
m7_S12_k0_eps0.1.P_eps.txt	7	4	Inf	-Inf	53.77496	-720.5639
m7_S12_k0_eps0.1.P_eps.txt	7	5	Inf	-Inf	52.28605	-544.1249
m7_S12_k0_eps0.1.P_eps.txt	7	6	Inf	-Inf	50.51938	-371.9154
m7_S12_k0_eps0.2.P_eps.txt	7	0	Inf	-Inf	84.57624	-1197.483
m7_S12_k0_eps0.2.P_eps.txt	7	1	Inf	-Inf	81.50284	-1027.049
m7_S12_k0_eps0.2.P_eps.txt	7	2	Inf	-Inf	78.98058	-852.8666
m7_S12_k0_eps0.2.P_eps.txt	7	3	Inf	-Inf	76.62562	-677.9006
m7_S12_k0_eps0.2.P_eps.txt	7	4	Inf	-Inf	74.98564	-497.1315
m7_S12_k0_eps0.2.P_eps.txt	7	5	Inf	-Inf	73.54288	-314.8793
m7_S12_k0_eps0.2.P_eps.txt	7	6	Inf	-Inf	72.4356	-129.7663
m7_S12_k0_eps0.3.P_eps.txt	7	0	Inf	-Inf	104.8408	-1053.144
m7_S12_k0_eps0.3.P_eps.txt	7	1	Inf	-Inf	101.1797	-881.7228
m7_S12_k0_eps0.3.P_eps.txt	7	2	Inf	-Inf	98.28244	-705.9382
m7_S12_k0_eps0.3.P_eps.txt	7	3	Inf	-Inf	95.87552	-527.2926
m7_S12_k0_eps0.3.P_eps.txt	7	4	Inf	-Inf	94.29552	-343.1515
m7_S12_k0_eps0.3.P_eps.txt	7	5	Inf	-Inf	92.99637	-157.1664
m7_S12_k0_eps0.3.P_eps.txt	7	6	Inf	-Inf	91.77423	29.25147
m7_S12_k1_eps0.1.P_eps.txt	7	0	Inf	-Inf	344.0556	-254.5661
m7_S12_k1_eps0.1.P_eps.txt	7	1	Inf	-Inf	59.92492	-1233.72
m7_S12_k1_eps0.1.P_eps.txt	7	2	Inf	-Inf	57.87881	-1061.758
m7_S12_k1_eps0.1.P_eps.txt	7	3	Inf	-Inf	55.48407	-894.8461
m7_S12_k1_eps0.1.P_eps.txt	7	4	Inf	-Inf	53.56154	-723.2362
m7_S12_k1_eps0.1.P_eps.txt	7	5	Inf	-Inf	52.36113	-543.1606
m7_S12_k1_eps0.1.P_eps.txt	7	6	Inf	-Inf	50.93779	-366.3728
m7_S12_k1_eps0.2.P_eps.txt	7	0	Inf	-Inf	507.9793	7.270296
m7_S12_k1_eps0.2.P_eps.txt	7	1	Inf	-Inf	76.0028	-1074.001
m7_S12_k1_eps0.2.P_eps.txt	7	2	Inf	-Inf	71.84778	-916.473
m7_S12_k1_eps0.2.P_eps.txt	7	3	Inf	-Inf	70.03048	-738.3813
m7_S12_k1_eps0.2.P_eps.txt	7	4	Inf	-Inf	68.5908	-557.0324
m7_S12_k1_eps0.2.P_eps.txt	7	5	Inf	-Inf	67.22309	-375.2599
m7_S12_k1_eps0.2.P_eps.txt	7	6	Inf	-Inf	66.02454	-192.0415
m7_S12_k1_eps0.3.P_eps.txt	7	0	Inf	-Inf	235.1461	-510.3268
m7_S12_k1_eps0.3.P_eps.txt	7	1	Inf	-Inf	114.2802	-799.903
m7_S12_k1_eps0.3.P_eps.txt	7	2	Inf	-Inf	110.1618	-629.2599
m7_S12_k1_eps0.3.P_eps.txt	7	3	Inf	-Inf	107.7716	-448.6933
m7_S12_k1_eps0.3.P_eps.txt	7	4	Inf	-Inf	105.9088	-265.102
m7_S12_k1_eps0.3.P_eps.txt	7	5	Inf	-Inf	103.8455	-83.01544
m7_S12_k1_eps0.3.P_eps.txt	7	6	Inf	-Inf	101.7326	98.47804
m7_S12_k2_eps0.1.P_eps.txt	7	0	Inf	-Inf	172.1033	-720.0662
m7_S12_k2_eps0.1.P_eps.txt	7	1	Inf	-Inf	108.2429	-836.376
m7_S12_k2_eps0.1.P_eps.txt	7	2	Inf	-Inf	59.13893	-1047.285
m7_S12_k2_eps0.1.P_eps.txt	7	3	Inf	-Inf	57.04449	-876.2079
m7_S12_k2_eps0.1.P_eps.txt	7	4	Inf	-Inf	55.18076	-703.222
m7_S12_k2_eps0.1.P_eps.txt	7	5	Inf	-Inf	53.60208	-527.4201
m7_S12_k2_eps0.1.P_eps.txt	7	6	Inf	-Inf	52.52406	-345.765
m7_S12_k2_eps0.2.P_eps.txt	7	0	Inf	-Inf	314.7008	-314.4957
m7_S12_k2_eps0.2.P_eps.txt	7	1	Inf	-Inf	171.5853	-526.7839
m7_S12_k2_eps0.2.P_eps.txt	7	2	Inf	-Inf	86.7397	-789.8937
m7_S12_k2_eps0.2.P_eps.txt	7	3	Inf	-Inf	84.28954	-613.8414
m7_S12_k2_eps0.2.P_eps.txt	7	4	Inf	-Inf	81.9759	-437.237
m7_S12_k2_eps0.2.P_eps.txt	7	5	Inf	-Inf	80.0997	-257.4883
m7_S12_k2_eps0.2.P_eps.txt	7	6	Inf	-Inf	78.76849	-73.44261
m7_S12_k2_eps0.3.P_eps.txt	7	0	Inf	-Inf	313.1755	-317.7606
m7_S12_k2_eps0.3.P_eps.txt	7	1	Inf	-Inf	202.1976	-416.465
m7_S12_k2_eps0.3.P_eps.txt	7	2	Inf	-Inf	99.24118	-699.4147
m7_S12_k2_eps0.3.P_eps.txt	7	3	Inf	-Inf	95.41143	-530.5533
m7_S12_k2_eps0.3.P_eps.txt	7	4	Inf	-Inf	92.81933	-353.7547
m7_S12_k2_eps0.3.P_eps.txt	7	5	Inf	-Inf	91.58107	-167.4722
m7_S12_k2_eps0.3.P_eps.txt	7	6	Inf	-Inf	90.4934	19.80671
m7_S23_k0_eps0.1.P_eps.txt	7	0	Inf	-Inf	62.9497	-1395.936
m7_S23_k0_eps0.1.P_eps.txt	7	1	Inf	-Inf	60.82834	-1223.665
m7_S23_k0_eps0.1.P_eps.txt	7	2	Inf	-Inf	58.97887	-1049.106
m7_S23_k0_eps0.1.P_eps.txt	7	3	Inf	-Inf	57.78847	-867.5002
m7_S23_k0_eps0.1.P_eps.txt	7	4	Inf	-Inf	56.99409	-681.494
m7_S23_k0_eps0.1.P_eps.txt	7	5	Inf	-Inf	56.53667	-491.6014
m7_S23_k0_eps0.1.P_eps.txt	7	6	Inf	-Inf	58.07794	-278.2192
m7_S23_k0_eps0.2.P_eps.txt	7	0	Inf	-Inf	80.04195	-1234.512
m7_S23_k0_eps0.2.P_eps.txt	7	1	Inf	-Inf	77.5609	-1060.363
m7_S23_k0_eps0.2.P_eps.txt	7	2	Inf	-Inf	76.00341	-878.6874
m7_S23_k0_eps0.2.P_eps.txt	7	3	Inf	-Inf	74.86671	-693.5059
m7_S23_k0_eps0.2.P_eps.txt	7	4	Inf	-Inf	73.62539	-509.4336
m7_S23_k0_eps0.2.P_eps.txt	7	5	Inf	-Inf	72.60017	-323.5491
m7_S23_k0_eps0.2.P_eps.txt	7	6	Inf	-Inf	71.79249	-135.7593
m7_S23_k0_eps0.3.P_eps.txt	7	0	Inf	-Inf	119.5778	-964.7599
m7_S23_k0_eps0.3.P_eps.txt	7	1	Inf	-Inf	115.305	-793.9036
m7_S23_k0_eps0.3.P_eps.txt	7	2	Inf	-Inf	110.9013	-624.764
m7_S23_k0_eps0.3.P_eps.txt	7	3	Inf	-Inf	107.6801	-449.2636
m7_S23_k0_eps0.3.P_eps.txt	7	4	Inf	-Inf	104.8969	-271.5537
m7_S23_k0_eps0.3.P_eps.txt	7	5	Inf	-Inf	103.5411	-84.9879
m7_S23_k0_eps0.3.P_eps.txt	7	6	Inf	-Inf	102.7846	105.3915
m7_S23_k1_eps0.1.P_eps.txt	7	0	Inf	-Inf	827.298	335.021
m7_S23_k1_eps0.1.P_eps.txt	7	1	Inf	-Inf	68.41423	-1144.688
m7_S23_k1_eps0.1.P_eps.txt	7	2	Inf	-Inf	64.45995	-989.3887
m7_S23_k1_eps0.1.P_eps.txt	7	3	Inf	-Inf	60.61712	-835.3866
m7_S23_k1_eps0.1.P_eps.txt	7	4	Inf	-Inf	57.91812	-670.6865
m7_S23_k1_eps0.1.P_eps.txt	7	5	Inf	-Inf	55.71715	-501.4136
m7_S23_k1_eps0.1.P_eps.txt	7	6	Inf	-Inf	53.69141	-330.9933
m7_S23_k1_eps0.2.P_eps.txt	7	0	Inf	-Inf	210.4901	-584.7631
m7_S23_k1_eps0.2.P_eps.txt	7	1	Inf	-Inf	80.43664	-1035.898
m7_S23_k1_eps0.2.P_eps.txt	7	2	Inf	-Inf	77.50001	-865.5835
m7_S23_k1_eps0.2.P_eps.txt	7	3	Inf	-Inf	75.70856	-685.9917
m7_S23_k1_eps0.2.P_eps.txt	7	4	Inf	-Inf	74.39178	-502.4747
m7_S23_k1_eps0.2.P_eps.txt	7	5	Inf	-Inf	72.9687	-320.1465
m7_S23_k1_eps0.2.P_eps.txt	7	6	Inf	-Inf	72.09987	-132.8882
m7_S23_k1_eps0.3.P_eps.txt	7	0	Inf	-Inf	134.6571	-884.9501
m7_S23_k1_eps0.3.P_eps.txt	7	1	Inf	-Inf	112.9856	-807.5592
m7_S23_k1_eps0.3.P_eps.txt	7	2	Inf	-Inf	105.8678	-655.9781
m7_S23_k1_eps0.3.P_eps.txt	7	3	Inf	-Inf	101.0086	-492.2445
m7_S23_k1_eps0.3.P_eps.txt	7	4	Inf	-Inf	97.13663	-323.2032
m7_S23_k1_eps0.3.P_eps.txt	7	5	Inf	-Inf	93.49135	-153.5992
m7_S23_k1_eps0.3.P_eps.txt	7	6	Inf	-Inf	90.88406	22.70149
m7_S23_k2_eps0.1.P_eps.txt	7	0	Inf	-Inf	183.4776	-677.0598
m7_S23_k2_eps0.1.P_eps.txt	7	1	Inf	-Inf	114.8874	-796.3421
m7_S23_k2_eps0.1.P_eps.txt	7	2	Inf	-Inf	60.00658	-1037.497
m7_S23_k2_eps0.1.P_eps.txt	7	3	Inf	-Inf	56.62137	-881.2109
m7_S23_k2_eps0.1.P_eps.txt	7	4	Inf	-Inf	55.26387	-702.2106
m7_S23_k2_eps0.1.P_eps.txt	7	5	Inf	-Inf	53.70235	-526.1641
m7_S23_k2_eps0.1.P_eps.txt	7	6	Inf	-Inf	52.47587	-346.3818
m7_S23_k2_eps0.2.P_eps.txt	7	0	Inf	-Inf	725.6864	246.9574
m7_S23_k2_eps0.2.P_eps.txt	7	1	Inf	-Inf	330.108	-87.06799
m7_S23_k2_eps0.2.P_eps.txt	7	2	Inf	-Inf	76.48612	-874.4329
m7_S23_k2_eps0.2.P_eps.txt	7	3	Inf	-Inf	67.23031	-765.8032
m7_S23_k2_eps0.2.P_eps.txt	7	4	Inf	-Inf	64.42874	-599.0986
m7_S23_k2_eps0.2.P_eps.txt	7	5	Inf	-Inf	62.06337	-428.9263
m7_S23_k2_eps0.2.P_eps.txt	7	6	Inf	-Inf	61.47121	-240.0611
m7_S23_k2_eps0.3.P_eps.txt	7	0	Inf	-Inf	422.4254	-116.6653
m7_S23_k2_eps0.3.P_eps.txt	7	1	Inf	-Inf	204.2902	-409.5463
m7_S23_k2_eps0.3.P_eps.txt	7	2	Inf	-Inf	105.4776	-658.4593
m7_S23_k2_eps0.3.P_eps.txt	7	3	Inf	-Inf	101.1486	-491.3137
m7_S23_k2_eps0.3.P_eps.txt	7	4	Inf	-Inf	99.02016	-310.2975
m7_S23_k2_eps0.3.P_eps.txt	7	5	Inf	-Inf	97.35195	-126.4075
m7_S23_k2_eps0.3.P_eps.txt	7	6	Inf	-Inf	96.94352	66.07503
m7_S30_k0_eps0.1.P_eps.txt	7	0	Inf	-Inf	57.90757	-1452.04
m7_S30_k0_eps0.1.P_eps.txt	7	1	Inf	-Inf	55.77953	-1281.893
m7_S30_k0_eps0.1.P_eps.txt	7	2	Inf	-Inf	53.73743	-1111.649
m7_S30_k0_eps0.1.P_eps.txt	7	3	Inf	-Inf	51.99228	-938.5266
m7_S30_k0_eps0.1.P_eps.txt	7	4	Inf	-Inf	50.89518	-757.5507
m7_S30_k0_eps0.1.P_eps.txt	7	5	Inf	-Inf	49.26822	-584.0754
m7_S30_k0_eps0.1.P_eps.txt	7	6	Inf	-Inf	48.09157	-405.0115
m7_S30_k0_eps0.2.P_eps.txt	7	0	Inf	-Inf	86.43975	-1182.837
m7_S30_k0_eps0.2.P_eps.txt	7	1	Inf	-Inf	83.75636	-1008.721
m7_S30_k0_eps0.2.P_eps.txt	7	2	Inf	-Inf	81.54663	-831.3807
m7_S30_k0_eps0.2.P_eps.txt	7	3	Inf	-Inf	80.49539	-644.7922
m7_S30_k0_eps0.2.P_eps.txt	7	4	Inf	-Inf	78.39612	-467.2424
m7_S30_k0_eps0.2.P_eps.txt	7	5	Inf	-Inf	78.74715	-268.9324
m7_S30_k0_eps0.2.P_eps.txt	7	6	Inf	-Inf	77.53915	-84.0132
m7_S30_k0_eps0.3.P_eps.txt	7	0	Inf	-Inf	106.0392	-1045.506
m7_S30_k0_eps0.3.P_eps.txt	7	1	Inf	-Inf	101.4277	-880.0773
m7_S30_k0_eps0.3.P_eps.txt	7	2	Inf	-Inf	96.24034	-720.0481
m7_S30_k0_eps0.3.P_eps.txt	7	3	Inf	-Inf	92.73919	-549.6429
m7_S30_k0_eps0.3.P_eps.txt	7	4	Inf	-Inf	91.33444	-364.5921
m7_S30_k0_eps0.3.P_eps.txt	7	5	Inf	-Inf	90.0061	-179.1295
m7_S30_k0_eps0.3.P_eps.txt	7	6	Inf	-Inf	88.93868	8.161094
m7_S30_k1_eps0.1.P_eps.txt	7	0	Inf	-Inf	140.9971	-854.0329
m7_S30_k1_eps0.1.P_eps.txt	7	1	Inf	-Inf	67.59529	-1152.78
m7_S30_k1_eps0.1.P_eps.txt	7	2	Inf	-Inf	63.26886	-1001.922
m7_S30_k1_eps0.1.P_eps.txt	7	3	Inf	-Inf	59.45245	-848.4238
m7_S30_k1_eps0.1.P_eps.txt	7	4	Inf	-Inf	55.31824	-701.5499
m7_S30_k1_eps0.1.P_eps.txt	7	5	Inf	-Inf	51.25266	-557.5393
m7_S30_k1_eps0.1.P_eps.txt	7	6	Inf	-Inf	49.8757	-380.5325
m7_S30_k1_eps0.2.P_eps.txt	7	0	Inf	-Inf	385.2366	-178.5935
m7_S30_k1_eps0.2.P_eps.txt	7	1	Inf	-Inf	88.02841	-975.2908
m7_S30_k1_eps0.2.P_eps.txt	7	2	Inf	-Inf	84.68458	-806.007
m7_S30_k1_eps0.2.P_eps.txt	7	3	Inf	-Inf	82.0576	-631.8754
m7_S30_k1_eps0.2.P_eps.txt	7	4	Inf	-Inf	79.8225	-455.1256
m7_S30_k1_eps0.2.P_eps.txt	7	5	Inf	-Inf	79.2577	-264.5896
m7_S30_k1_eps0.2.P_eps.txt	7	6	Inf	-Inf	78.60106	-74.87249
m7_S30_k1_eps0.3.P_eps.txt	7	0	Inf	-Inf	352.6688	-237.9501
m7_S30_k1_eps0.3.P_eps.txt	7	1	Inf	-Inf	107.6106	-840.3133
m7_S30_k1_eps0.3.P_eps.txt	7	2	Inf	-Inf	105.4252	-658.793
m7_S30_k1_eps0.3.P_eps.txt	7	3	Inf	-Inf	103.1552	-478.1132
m7_S30_k1_eps0.3.P_eps.txt	7	4	Inf	-Inf	101.694	-292.3921
m7_S30_k1_eps0.3.P_eps.txt	7	5	Inf	-Inf	99.95252	-108.6919
m7_S30_k1_eps0.3.P_eps.txt	7	6	Inf	-Inf	98.28499	75.3102
m7_S30_k2_eps0.1.P_eps.txt	7	0	Inf	-Inf	410.8017	-135.4155
m7_S30_k2_eps0.1.P_eps.txt	7	1	Inf	-Inf	242.3136	-294.8416
m7_S30_k2_eps0.1.P_eps.txt	7	2	Inf	-Inf	57.70207	-1063.813
m7_S30_k2_eps0.1.P_eps.txt	7	3	Inf	-Inf	55.47078	-895.0071
m7_S30_k2_eps0.1.P_eps.txt	7	4	Inf	-Inf	53.67483	-721.8164
m7_S30_k2_eps0.1.P_eps.txt	7	5	Inf	-Inf	52.26251	-544.4274
m7_S30_k2_eps0.1.P_eps.txt	7	6	Inf	-Inf	51.1331	-363.801
m7_S30_k2_eps0.2.P_eps.txt	7	0	Inf	-Inf	328.6277	-285.3958
m7_S30_k2_eps0.2.P_eps.txt	7	1	Inf	-Inf	99.57183	-892.4872
m7_S30_k2_eps0.2.P_eps.txt	7	2	Inf	-Inf	81.56094	-831.2628
m7_S30_k2_eps0.2.P_eps.txt	7	3	Inf	-Inf	79.1429	-656.1792
m7_S30_k2_eps0.2.P_eps.txt	7	4	Inf	-Inf	77.53277	-474.684
m7_S30_k2_eps0.2.P_eps.txt	7	5	Inf	-Inf	75.59264	-296.4059
m7_S30_k2_eps0.2.P_eps.txt	7	6	Inf	-Inf	74.83931	-107.8286
m7_S30_k2_eps0.3.P_eps.txt	7	0	Inf	-Inf	383.9233	-180.8883
m7_S30_k2_eps0.3.P_eps.txt	7	1	Inf	-Inf	208.3959	-396.1745
m7_S30_k2_eps0.3.P_eps.txt	7	2	Inf	-Inf	113.8894	-606.8973
m7_S30_k2_eps0.3.P_eps.txt	7	3	Inf	-Inf	110.9654	-429.0675
m7_S30_k2_eps0.3.P_eps.txt	7	4	Inf	-Inf	108.4142	-249.3904
m7_S30_k2_eps0.3.P_eps.txt	7	5	Inf	-Inf	105.1903	-74.36872
m7_S30_k2_eps0.3.P_eps.txt	7	6	Inf	-Inf	103.2373	108.3449
m7_S43_k0_eps0.1.P_eps.txt	7	0	Inf	-Inf	73.14461	-1295.067
m7_S43_k0_eps0.1.P_eps.txt	7	1	Inf	-Inf	69.29112	-1136.129
m7_S43_k0_eps0.1.P_eps.txt	7	2	Inf	-Inf	66.45969	-968.8582
m7_S43_k0_eps0.1.P_eps.txt	7	3	Inf	-Inf	64.23781	-796.4007
m7_S43_k0_eps0.1.P_eps.txt	7	4	Inf	-Inf	61.93256	-625.652
m7_S43_k0_eps0.1.P_eps.txt	7	5	Inf	-Inf	60.08555	-450.6901
m7_S43_k0_eps0.1.P_eps.txt	7	6	Inf	-Inf	59.35644	-263.5866
m7_S43_k0_eps0.2.P_eps.txt	7	0	Inf	-Inf	74.76429	-1280.349
m7_S43_k0_eps0.2.P_eps.txt	7	1	Inf	-Inf	72.36152	-1106.993
m7_S43_k0_eps0.2.P_eps.txt	7	2	Inf	-Inf	69.88654	-935.0716
m7_S43_k0_eps0.2.P_eps.txt	7	3	Inf	-Inf	67.67281	-761.3946
m7_S43_k0_eps0.2.P_eps.txt	7	4	Inf	-Inf	66.20283	-580.8449
m7_S43_k0_eps0.2.P_eps.txt	7	5	Inf	-Inf	64.84209	-399.4934
m7_S43_k0_eps0.2.P_eps.txt	7	6	Inf	-Inf	63.90305	-213.9886
m7_S43_k0_eps0.3.P_eps.txt	7	0	Inf	-Inf	119.394	-965.7934
m7_S43_k0_eps0.3.P_eps.txt	7	1	Inf	-Inf	115.4221	-793.2214
m7_S43_k0_eps0.3.P_eps.txt	7	2	Inf	-Inf	111.6104	-620.4808
m7_S43_k0_eps0.3.P_eps.txt	7	3	Inf	-Inf	108.4196	-444.6647
m7_S43_k0_eps0.3.P_eps.txt	7	4	Inf	-Inf	105.6269	-266.8933
m7_S43_k0_eps0.3.P_eps.txt	7	5	Inf	-Inf	102.7646	-90.04665
m7_S43_k0_eps0.3.P_eps.txt	7	6	Inf	-Inf	100.1698	88.07485
m7_S43_k1_eps0.1.P_eps.txt	7	0	Inf	-Inf	180.3835	-688.4885
m7_S43_k1_eps0.1.P_eps.txt	7	1	Inf	-Inf	49.42202	-1363.212
m7_S43_k1_eps0.1.P_eps.txt	7	2	Inf	-Inf	46.4009	-1210.292
m7_S43_k1_eps0.1.P_eps.txt	7	3	Inf	-Inf	44.00425	-1050.622
m7_S43_k1_eps0.1.P_eps.txt	7	4	Inf	-Inf	41.76555	-890.4026
m7_S43_k1_eps0.1.P_eps.txt	7	5	Inf	-Inf	40.18113	-721.084
m7_S43_k1_eps0.1.P_eps.txt	7	6	Inf	-Inf	38.5676	-553.3182
m7_S43_k1_eps0.2.P_eps.txt	7	0	Inf	-Inf	181.6927	-683.6289
m7_S43_k1_eps0.2.P_eps.txt	7	1	Inf	-Inf	83.15727	-1013.545
m7_S43_k1_eps0.2.P_eps.txt	7	2	Inf	-Inf	80.52635	-839.8416
m7_S43_k1_eps0.2.P_eps.txt	7	3	Inf	-Inf	78.34054	-663.0268
m7_S43_k1_eps0.2.P_eps.txt	7	4	Inf	-Inf	76.14064	-486.8596
m7_S43_k1_eps0.2.P_eps.txt	7	5	Inf	-Inf	74.51206	-306.0813
m7_S43_k1_eps0.2.P_eps.txt	7	6	Inf	-Inf	73.26733	-122.0942
m7_S43_k1_eps0.3.P_eps.txt	7	0	Inf	-Inf	161.4482	-763.0142
m7_S43_k1_eps0.3.P_eps.txt	7	1	Inf	-Inf	110.0009	-825.5499
m7_S43_k1_eps0.3.P_eps.txt	7	2	Inf	-Inf	106.4892	-652.0451
m7_S43_k1_eps0.3.P_eps.txt	7	3	Inf	-Inf	103.9552	-472.9216
m7_S43_k1_eps0.3.P_eps.txt	7	4	Inf	-Inf	100.6447	-299.3621
m7_S43_k1_eps0.3.P_eps.txt	7	5	Inf	-Inf	99.78713	-109.8048
m7_S43_k1_eps0.3.P_eps.txt	7	6	Inf	-Inf	97.65478	70.98741
m7_S43_k2_eps0.1.P_eps.txt	7	0	Inf	-Inf	163.011	-756.5405
m7_S43_k2_eps0.1.P_eps.txt	7	1	Inf	-Inf	86.09173	-990.2403
m7_S43_k2_eps0.1.P_eps.txt	7	2	Inf	-Inf	61.20253	-1024.236
m7_S43_k2_eps0.1.P_eps.txt	7	3	Inf	-Inf	59.19277	-851.3654
m7_S43_k2_eps0.1.P_eps.txt	7	4	Inf	-Inf	55.40623	-700.4818
m7_S43_k2_eps0.1.P_eps.txt	7	5	Inf	-Inf	53.92269	-523.4126
m7_S43_k2_eps0.1.P_eps.txt	7	6	Inf	-Inf	52.69868	-343.5346
m7_S43_k2_eps0.2.P_eps.txt	7	0	Inf	-Inf	165.4048	-746.7437
m7_S43_k2_eps0.2.P_eps.txt	7	1	Inf	-Inf	110.1675	-824.5326
m7_S43_k2_eps0.2.P_eps.txt	7	2	Inf	-Inf	77.34733	-866.9087
m7_S43_k2_eps0.2.P_eps.txt	7	3	Inf	-Inf	75.10121	-691.4044
m7_S43_k2_eps0.2.P_eps.txt	7	4	Inf	-Inf	73.48187	-510.7449
m7_S43_k2_eps0.2.P_eps.txt	7	5	Inf	-Inf	72.20699	-327.1983
m7_S43_k2_eps0.2.P_eps.txt	7	6	Inf	-Inf	70.86383	-144.5086
m7_S43_k2_eps0.3.P_eps.txt	7	0	Inf	-Inf	581.1763	97.73052
m7_S43_k2_eps0.3.P_eps.txt	7	1	Inf	-Inf	232.9742	-321.2547
m7_S43_k2_eps0.3.P_eps.txt	7	2	Inf	-Inf	106.8605	-649.7058
m7_S43_k2_eps0.3.P_eps.txt	7	3	Inf	-Inf	102.0402	-485.4164
m7_S43_k2_eps0.3.P_eps.txt	7	4	Inf	-Inf	99.38904	-307.7987
m7_S43_k2_eps0.3.P_eps.txt	7	5	Inf	-Inf	97.76338	-123.5735
m7_S43_k2_eps0.3.P_eps.txt	7	6	Inf	-Inf	96.84904	65.41981
m7_S49_k0_eps0.1.P_eps.txt	7	0	Inf	-Inf	60.46216	-1423.03
m7_S49_k0_eps0.1.P_eps.txt	7	1	Inf	-Inf	57.94268	-1256.325
m7_S49_k0_eps0.1.P_eps.txt	7	2	Inf	-Inf	55.94415	-1084.605
m7_S49_k0_eps0.1.P_eps.txt	7	3	Inf	-Inf	53.78875	-915.6994
m7_S49_k0_eps0.1.P_eps.txt	7	4	Inf	-Inf	51.4872	-749.779
m7_S49_k0_eps0.1.P_eps.txt	7	5	Inf	-Inf	50.00374	-574.1173
m7_S49_k0_eps0.1.P_eps.txt	7	6	Inf	-Inf	48.83188	-394.7457
m7_S49_k0_eps0.2.P_eps.txt	7	0	Inf	-Inf	78.44308	-1248.071
m7_S49_k0_eps0.2.P_eps.txt	7	1	Inf	-Inf	75.38277	-1079.505
m7_S49_k0_eps0.2.P_eps.txt	7	2	Inf	-Inf	73.91662	-897.3962
m7_S49_k0_eps0.2.P_eps.txt	7	3	Inf	-Inf	71.9195	-720.4947
m7_S49_k0_eps0.2.P_eps.txt	7	4	Inf	-Inf	70.04301	-542.9533
m7_S49_k0_eps0.2.P_eps.txt	7	5	Inf	-Inf	67.63551	-371.1496
m7_S49_k0_eps0.2.P_eps.txt	7	6	Inf	-Inf	66.23211	-189.9322
m7_S49_k0_eps0.3.P_eps.txt	7	0	Inf	-Inf	113.4208	-1000.283
m7_S49_k0_eps0.3.P_eps.txt	7	1	Inf	-Inf	110.3911	-823.1704
m7_S49_k0_eps0.3.P_eps.txt	7	2	Inf	-Inf	108.2872	-640.7933
m7_S49_k0_eps0.3.P_eps.txt	7	3	Inf	-Inf	106.0753	-459.3541
m7_S49_k0_eps0.3.P_eps.txt	7	4	Inf	-Inf	104.0495	-277.0042
m7_S49_k0_eps0.3.P_eps.txt	7	5	Inf	-Inf	101.8376	-96.13599
m7_S49_k0_eps0.3.P_eps.txt	7	6	Inf	-Inf	100.2079	88.33081
m7_S49_k1_eps0.1.P_eps.txt	7	0	Inf	-Inf	318.3783	-306.6883
m7_S49_k1_eps0.1.P_eps.txt	7	1	Inf	-Inf	59.1475	-1242.495
m7_S49_k1_eps0.1.P_eps.txt	7	2	Inf	-Inf	56.42158	-1078.894
m7_S49_k1_eps0.1.P_eps.txt	7	3	Inf	-Inf	54.48037	-907.1139
m7_S49_k1_eps0.1.P_eps.txt	7	4	Inf	-Inf	53.90071	-718.9943
m7_S49_k1_eps0.1.P_eps.txt	7	5	Inf	-Inf	51.86052	-549.6162
m7_S49_k1_eps0.1.P_eps.txt	7	6	Inf	-Inf	49.91931	-379.9453
m7_S49_k1_eps0.2.P_eps.txt	7	0	Inf	-Inf	83.76021	-1203.998
m7_S49_k1_eps0.2.P_eps.txt	7	1	Inf	-Inf	71.17204	-1118.131
m7_S49_k1_eps0.2.P_eps.txt	7	2	Inf	-Inf	68.87668	-944.8529
m7_S49_k1_eps0.2.P_eps.txt	7	3	Inf	-Inf	66.64139	-771.7156
m7_S49_k1_eps0.2.P_eps.txt	7	4	Inf	-Inf	64.7689	-595.5601
m7_S49_k1_eps0.2.P_eps.txt	7	5	Inf	-Inf	62.53931	-423.7926
m7_S49_k1_eps0.2.P_eps.txt	7	6	Inf	-Inf	61.50453	-239.6969
m7_S49_k1_eps0.3.P_eps.txt	7	0	Inf	-Inf	310.2126	-324.1486
m7_S49_k1_eps0.3.P_eps.txt	7	1	Inf	-Inf	116.4238	-787.4148
m7_S49_k1_eps0.3.P_eps.txt	7	2	Inf	-Inf	108.1848	-641.4291
m7_S49_k1_eps0.3.P_eps.txt	7	3	Inf	-Inf	104.2693	-470.8939
m7_S49_k1_eps0.3.P_eps.txt	7	4	Inf	-Inf	100.6049	-299.6275
m7_S49_k1_eps0.3.P_eps.txt	7	5	Inf	-Inf	97.62752	-124.508
m7_S49_k1_eps0.3.P_eps.txt	7	6	Inf	-Inf	94.69083	50.27537
m7_S49_k2_eps0.1.P_eps.txt	7	0	Inf	-Inf	620.1069	141.3015
m7_S49_k2_eps0.1.P_eps.txt	7	1	Inf	-Inf	85.53232	-994.6211
m7_S49_k2_eps0.1.P_eps.txt	7	2	Inf	-Inf	68.84737	-945.1389
m7_S49_k2_eps0.1.P_eps.txt	7	3	Inf	-Inf	65.70063	-781.2697
m7_S49_k2_eps0.1.P_eps.txt	7	4	Inf	-Inf	63.68156	-606.9374
m7_S49_k2_eps0.1.P_eps.txt	7	5	Inf	-Inf	62.16553	-427.8211
m7_S49_k2_eps0.1.P_eps.txt	7	6	Inf	-Inf	61.71753	-237.3736
m7_S49_k2_eps0.2.P_eps.txt	7	0	Inf	-Inf	425.708	-111.4634
m7_S49_k2_eps0.2.P_eps.txt	7	1	Inf	-Inf	258.2973	-251.9153
m7_S49_k2_eps0.2.P_eps.txt	7	2	Inf	-Inf	77.47151	-865.8307
m7_S49_k2_eps0.2.P_eps.txt	7	3	Inf	-Inf	75.16734	-690.8129
m7_S49_k2_eps0.2.P_eps.txt	7	4	Inf	-Inf	74.0543	-505.5302
m7_S49_k2_eps0.2.P_eps.txt	7	5	Inf	-Inf	72.95644	-320.2594
m7_S49_k2_eps0.2.P_eps.txt	7	6	Inf	-Inf	72.07112	-133.1563
m7_S49_k2_eps0.3.P_eps.txt	7	0	Inf	-Inf	638.6257	161.0762
m7_S49_k2_eps0.3.P_eps.txt	7	1	Inf	-Inf	156.0064	-590.7471
m7_S49_k2_eps0.3.P_eps.txt	7	2	Inf	-Inf	99.35599	-698.6378
m7_S49_k2_eps0.3.P_eps.txt	7	3	Inf	-Inf	95.67425	-528.7048
m7_S49_k2_eps0.3.P_eps.txt	7	4	Inf	-Inf	93.58877	-348.2071
m7_S49_k2_eps0.3.P_eps.txt	7	5	Inf	-Inf	91.82073	-165.7159
m7_S49_k2_eps0.3.P_eps.txt	7	6	Inf	-Inf	90.2842	18.25142
m7_S61_k0_eps0.1.P_eps.txt	7	0	Inf	-Inf	67.38521	-1350.18
m7_S61_k0_eps0.1.P_eps.txt	7	1	Inf	-Inf	63.9631	-1189.896
m7_S61_k0_eps0.1.P_eps.txt	7	2	Inf	-Inf	60.49356	-1032.066
m7_S61_k0_eps0.1.P_eps.txt	7	3	Inf	-Inf	58.22502	-862.4429
m7_S61_k0_eps0.1.P_eps.txt	7	4	Inf	-Inf	55.96813	-693.7011
m7_S61_k0_eps0.1.P_eps.txt	7	5	Inf	-Inf	54.37826	-517.759
m7_S61_k0_eps0.1.P_eps.txt	7	6	Inf	-Inf	53.93585	-327.9409
m7_S61_k0_eps0.2.P_eps.txt	7	0	Inf	-Inf	83.5996	-1205.288
m7_S61_k0_eps0.2.P_eps.txt	7	1	Inf	-Inf	80.79474	-1032.913
m7_S61_k0_eps0.2.P_eps.txt	7	2	Inf	-Inf	78.66719	-855.5384
m7_S61_k0_eps0.2.P_eps.txt	7	3	Inf	-Inf	76.507	-678.9417
m7_S61_k0_eps0.2.P_eps.txt	7	4	Inf	-Inf	74.55597	-500.9932
m7_S61_k0_eps0.2.P_eps.txt	7	5	Inf	-Inf	72.7706	-321.9735
m7_S61_k0_eps0.2.P_eps.txt	7	6	Inf	-Inf	71.83394	-135.3714
m7_S61_k0_eps0.3.P_eps.txt	7	0	Inf	-Inf	103.9164	-1059.096
m7_S61_k0_eps0.3.P_eps.txt	7	1	Inf	-Inf	100.7873	-884.3339
m7_S61_k0_eps0.3.P_eps.txt	7	2	Inf	-Inf	97.77506	-709.4164
m7_S61_k0_eps0.3.P_eps.txt	7	3	Inf	-Inf	94.77501	-535.0507
m7_S61_k0_eps0.3.P_eps.txt	7	4	Inf	-Inf	92.74442	-354.2973
m7_S61_k0_eps0.3.P_eps.txt	7	5	Inf	-Inf	90.72958	-173.7494
m7_S61_k0_eps0.3.P_eps.txt	7	6	Inf	-Inf	88.73722	6.637246
m7_S61_k1_eps0.1.P_eps.txt	7	0	Inf	-Inf	192.1078	-646.1719
m7_S61_k1_eps0.1.P_eps.txt	7	1	Inf	-Inf	59.54984	-1237.939
m7_S61_k1_eps0.1.P_eps.txt	7	2	Inf	-Inf	57.03364	-1071.643
m7_S61_k1_eps0.1.P_eps.txt	7	3	Inf	-Inf	55.83031	-890.6656
m7_S61_k1_eps0.1.P_eps.txt	7	4	Inf	-Inf	54.13588	-716.0688
m7_S61_k1_eps0.1.P_eps.txt	7	5	Inf	-Inf	52.67653	-539.1248
m7_S61_k1_eps0.1.P_eps.txt	7	6	Inf	-Inf	51.52279	-358.699
m7_S61_k1_eps0.2.P_eps.txt	7	0	Inf	-Inf	386.3387	-176.6737
m7_S61_k1_eps0.2.P_eps.txt	7	1	Inf	-Inf	80.36012	-1036.538
m7_S61_k1_eps0.2.P_eps.txt	7	2	Inf	-Inf	77.91727	-861.9752
m7_S61_k1_eps0.2.P_eps.txt	7	3	Inf	-Inf	75.74397	-685.6774
m7_S61_k1_eps0.2.P_eps.txt	7	4	Inf	-Inf	75.00262	-496.9793
m7_S61_k1_eps0.2.P_eps.txt	7	5	Inf	-Inf	73.21347	-317.8962
m7_S61_k1_eps0.2.P_eps.txt	7	6	Inf	-Inf	72.28907	-131.1271
m7_S61_k1_eps0.3.P_eps.txt	7	0	Inf	-Inf	117.9741	-973.8336
m7_S61_k1_eps0.3.P_eps.txt	7	1	Inf	-Inf	93.70045	-933.3289
m7_S61_k1_eps0.3.P_eps.txt	7	2	Inf	-Inf	90.05512	-764.6868
m7_S61_k1_eps0.3.P_eps.txt	7	3	Inf	-Inf	87.49236	-588.78
m7_S61_k1_eps0.3.P_eps.txt	7	4	Inf	-Inf	85.0586	-412.4301
m7_S61_k1_eps0.3.P_eps.txt	7	5	Inf	-Inf	82.71756	-235.8768
m7_S61_k1_eps0.3.P_eps.txt	7	6	Inf	-Inf	81.24742	-52.62002
m7_S61_k2_eps0.1.P_eps.txt	7	0	Inf	-Inf	204.1589	-605.286
m7_S61_k2_eps0.1.P_eps.txt	7	1	Inf	-Inf	86.31557	-988.4954
m7_S61_k2_eps0.1.P_eps.txt	7	2	Inf	-Inf	63.31336	-1001.45
m7_S61_k2_eps0.1.P_eps.txt	7	3	Inf	-Inf	60.8516	-832.7922
m7_S61_k2_eps0.1.P_eps.txt	7	4	Inf	-Inf	58.54408	-663.4627
m7_S61_k2_eps0.1.P_eps.txt	7	5	Inf	-Inf	56.5251	-491.7389
m7_S61_k2_eps0.1.P_eps.txt	7	6	Inf	-Inf	55.33806	-310.6936
m7_S61_k2_eps0.2.P_eps.txt	7	0	Inf	-Inf	546.2138	56.03714
m7_S61_k2_eps0.2.P_eps.txt	7	1	Inf	-Inf	237.0265	-309.6667
m7_S61_k2_eps0.2.P_eps.txt	7	2	Inf	-Inf	78.66576	-855.5506
m7_S61_k2_eps0.2.P_eps.txt	7	3	Inf	-Inf	76.27195	-681.0095
m7_S61_k2_eps0.2.P_eps.txt	7	4	Inf	-Inf	73.82662	-507.5995
m7_S61_k2_eps0.2.P_eps.txt	7	5	Inf	-Inf	72.09589	-328.2331
m7_S61_k2_eps0.2.P_eps.txt	7	6	Inf	-Inf	70.79539	-145.1578
m7_S61_k2_eps0.3.P_eps.txt	7	0	Inf	-Inf	237.7607	-502.896
m7_S61_k2_eps0.3.P_eps.txt	7	1	Inf	-Inf	138.8823	-668.8808
m7_S61_k2_eps0.3.P_eps.txt	7	2	Inf	-Inf	103.9221	-668.4429
m7_S61_k2_eps0.3.P_eps.txt	7	3	Inf	-Inf	101.6721	-487.8444
m7_S61_k2_eps0.3.P_eps.txt	7	4	Inf	-Inf	99.23564	-308.8367
m7_S61_k2_eps0.3.P_eps.txt	7	5	Inf	-Inf	96.98564	-128.9408
m7_S61_k2_eps0.3.P_eps.txt	7	6	Inf	-Inf	94.95191	52.12569
m7_S66_k0_eps0.1.P_eps.txt	7	0	Inf	-Inf	58.30475	-1447.447
m7_S66_k0_eps0.1.P_eps.txt	7	1	Inf	-Inf	54.33878	-1299.478
m7_S66_k0_eps0.1.P_eps.txt	7	2	Inf	-Inf	50.87454	-1148.439
m7_S66_k0_eps0.1.P_eps.txt	7	3	Inf	-Inf	48.19803	-989.4488
m7_S66_k0_eps0.1.P_eps.txt	7	4	Inf	-Inf	46.32604	-820.7617
m7_S66_k0_eps0.1.P_eps.txt	7	5	Inf	-Inf	45.48514	-637.764
m7_S66_k0_eps0.1.P_eps.txt	7	6	Inf	-Inf	44.89521	-451.2289
m7_S66_k0_eps0.2.P_eps.txt	7	0	Inf	-Inf	93.66288	-1128.906
m7_S66_k0_eps0.2.P_eps.txt	7	1	Inf	-Inf	90.88861	-953.8036
m7_S66_k0_eps0.2.P_eps.txt	7	2	Inf	-Inf	88.23701	-778.3925
m7_S66_k0_eps0.2.P_eps.txt	7	3	Inf	-Inf	86.06429	-599.839
m7_S66_k0_eps0.2.P_eps.txt	7	4	Inf	-Inf	84.66162	-415.5737
m7_S66_k0_eps0.2.P_eps.txt	7	5	Inf	-Inf	83.69161	-228.0099
m7_S66_k0_eps0.2.P_eps.txt	7	6	Inf	-Inf	82.16814	-45.04748
m7_S66_k0_eps0.3.P_eps.txt	7	0	Inf	-Inf	99.29183	-1089.687
m7_S66_k0_eps0.3.P_eps.txt	7	1	Inf	-Inf	96.05455	-916.6544
m7_S66_k0_eps0.3.P_eps.txt	7	2	Inf	-Inf	93.3306	-740.6789
m7_S66_k0_eps0.3.P_eps.txt	7	3	Inf	-Inf	90.60976	-565.253
m7_S66_k0_eps0.3.P_eps.txt	7	4	Inf	-Inf	88.1428	-388.4949
m7_S66_k0_eps0.3.P_eps.txt	7	5	Inf	-Inf	86.55316	-205.4172
m7_S66_k0_eps0.3.P_eps.txt	7	6	Inf	-Inf	85.25815	-20.23993
m7_S66_k1_eps0.1.P_eps.txt	7	0	Inf	-Inf	70.87341	-1316.264
m7_S66_k1_eps0.1.P_eps.txt	7	1	Inf	-Inf	48.57627	-1374.811
m7_S66_k1_eps0.1.P_eps.txt	7	2	Inf	-Inf	45.9062	-1217.495
m7_S66_k1_eps0.1.P_eps.txt	7	3	Inf	-Inf	44.3226	-1045.778
m7_S66_k1_eps0.1.P_eps.txt	7	4	Inf	-Inf	42.88854	-872.5725
m7_S66_k1_eps0.1.P_eps.txt	7	5	Inf	-Inf	41.22923	-703.78
m7_S66_k1_eps0.1.P_eps.txt	7	6	Inf	-Inf	39.88402	-530.7636
m7_S66_k1_eps0.2.P_eps.txt	7	0	Inf	-Inf	333.2701	-275.9692
m7_S66_k1_eps0.2.P_eps.txt	7	1	Inf	-Inf	75.31125	-1080.143
m7_S66_k1_eps0.2.P_eps.txt	7	2	Inf	-Inf	72.63397	-909.1595
m7_S66_k1_eps0.2.P_eps.txt	7	3	Inf	-Inf	70.51426	-733.755
m7_S66_k1_eps0.2.P_eps.txt	7	4	Inf	-Inf	68.44478	-558.4645
m7_S66_k1_eps0.2.P_eps.txt	7	5	Inf	-Inf	66.45497	-382.9826
m7_S66_k1_eps0.2.P_eps.txt	7	6	Inf	-Inf	64.90025	-203.5832
m7_S66_k1_eps0.3.P_eps.txt	7	0	Inf	-Inf	650.7217	173.6852
m7_S66_k1_eps0.3.P_eps.txt	7	1	Inf	-Inf	109.9002	-826.165
m7_S66_k1_eps0.3.P_eps.txt	7	2	Inf	-Inf	107.0297	-648.6431
m7_S66_k1_eps0.3.P_eps.txt	7	3	Inf	-Inf	104.7077	-468.0749
m7_S66_k1_eps0.3.P_eps.txt	7	4	Inf	-Inf	101.3664	-294.5605
m7_S66_k1_eps0.3.P_eps.txt	7	5	Inf	-Inf	99.04439	-114.8253
m7_S66_k1_eps0.3.P_eps.txt	7	6	Inf	-Inf	97.07061	66.95545
m7_S66_k2_eps0.1.P_eps.txt	7	0	Inf	-Inf	192.3417	-645.3542
m7_S66_k2_eps0.1.P_eps.txt	7	1	Inf	-Inf	63.53397	-1194.42
m7_S66_k2_eps0.1.P_eps.txt	7	2	Inf	-Inf	62.00273	-1015.506
m7_S66_k2_eps0.1.P_eps.txt	7	3	Inf	-Inf	58.246	-862.2007
m7_S66_k2_eps0.1.P_eps.txt	7	4	Inf	-Inf	56.72815	-684.6371
m7_S66_k2_eps0.1.P_eps.txt	7	5	Inf	-Inf	55.31378	-506.2962
m7_S66_k2_eps0.1.P_eps.txt	7	6	Inf	-Inf	53.92212	-328.112
m7_S66_k2_eps0.2.P_eps.txt	7	0	Inf	-Inf	398.8399	-155.2735
m7_S66_k2_eps0.2.P_eps.txt	7	1	Inf	-Inf	173.013	-521.2157
m7_S66_k2_eps0.2.P_eps.txt	7	2	Inf	-Inf	63.42737	-1000.241
m7_S66_k2_eps0.2.P_eps.txt	7	3	Inf	-Inf	61.75583	-822.88
m7_S66_k2_eps0.2.P_eps.txt	7	4	Inf	-Inf	60.33314	-643.2344
m7_S66_k2_eps0.2.P_eps.txt	7	5	Inf	-Inf	58.99855	-462.9584
m7_S66_k2_eps0.2.P_eps.txt	7	6	Inf	-Inf	58.2089	-276.7057
m7_S66_k2_eps0.3.P_eps.txt	7	0	Inf	-Inf	449.3448	-75.15063
m7_S66_k2_eps0.3.P_eps.txt	7	1	Inf	-Inf	133.5152	-695.3654
m7_S66_k2_eps0.3.P_eps.txt	7	2	Inf	-Inf	113.8091	-607.3714
m7_S66_k2_eps0.3.P_eps.txt	7	3	Inf	-Inf	111.2384	-427.4166
m7_S66_k2_eps0.3.P_eps.txt	7	4	Inf	-Inf	108.9912	-245.8235
m7_S66_k2_eps0.3.P_eps.txt	7	5	Inf	-Inf	106.3899	-66.74863
m7_S66_k2_eps0.3.P_eps.txt	7	6	Inf	-Inf	104.3031	115.247
m7_S7_k0_eps0.1.P_eps.txt	7	0	Inf	-Inf	60.2175	-1425.755
m7_S7_k0_eps0.1.P_eps.txt	7	1	Inf	-Inf	57.2041	-1264.946
m7_S7_k0_eps0.1.P_eps.txt	7	2	Inf	-Inf	55.46346	-1090.404
m7_S7_k0_eps0.1.P_eps.txt	7	3	Inf	-Inf	53.95144	-913.67
m7_S7_k0_eps0.1.P_eps.txt	7	4	Inf	-Inf	52.832	-732.4522
m7_S7_k0_eps0.1.P_eps.txt	7	5	Inf	-Inf	52.29833	-543.967
m7_S7_k0_eps0.1.P_eps.txt	7	6	Inf	-Inf	51.12847	-363.8618
m7_S7_k0_eps0.2.P_eps.txt	7	0	Inf	-Inf	82.76884	-1211.999
m7_S7_k0_eps0.2.P_eps.txt	7	1	Inf	-Inf	79.59401	-1042.975
m7_S7_k0_eps0.2.P_eps.txt	7	2	Inf	-Inf	77.38987	-866.5392
m7_S7_k0_eps0.2.P_eps.txt	7	3	Inf	-Inf	75.68509	-686.2001
m7_S7_k0_eps0.2.P_eps.txt	7	4	Inf	-Inf	74.00747	-505.9553
m7_S7_k0_eps0.2.P_eps.txt	7	5	Inf	-Inf	72.79144	-321.781
m7_S7_k0_eps0.2.P_eps.txt	7	6	Inf	-Inf	71.63361	-137.2481
m7_S7_k0_eps0.3.P_eps.txt	7	0	Inf	-Inf	104.9543	-1052.417
m7_S7_k0_eps0.3.P_eps.txt	7	1	Inf	-Inf	101.5327	-879.3819
m7_S7_k0_eps0.3.P_eps.txt	7	2	Inf	-Inf	98.64377	-703.4722
m7_S7_k0_eps0.3.P_eps.txt	7	3	Inf	-Inf	95.49881	-529.9382
m7_S7_k0_eps0.3.P_eps.txt	7	4	Inf	-Inf	94.07057	-344.7565
m7_S7_k0_eps0.3.P_eps.txt	7	5	Inf	-Inf	92.43551	-161.2315
m7_S7_k0_eps0.3.P_eps.txt	7	6	Inf	-Inf	90.75665	21.75881
m7_S7_k1_eps0.1.P_eps.txt	7	0	Inf	-Inf	235.2518	-510.0247
m7_S7_k1_eps0.1.P_eps.txt	7	1	Inf	-Inf	56.73927	-1270.429
m7_S7_k1_eps0.1.P_eps.txt	7	2	Inf	-Inf	55.23189	-1093.215
m7_S7_k1_eps0.1.P_eps.txt	7	3	Inf	-Inf	53.74415	-916.2568
m7_S7_k1_eps0.1.P_eps.txt	7	4	Inf	-Inf	52.40955	-737.8472
m7_S7_k1_eps0.1.P_eps.txt	7	5	Inf	-Inf	51.10062	-559.5357
m7_S7_k1_eps0.1.P_eps.txt	7	6	Inf	-Inf	49.79155	-381.6673
m7_S7_k1_eps0.2.P_eps.txt	7	0	Inf	-Inf	583.3908	100.2862
m7_S7_k1_eps0.2.P_eps.txt	7	1	Inf	-Inf	81.73888	-1025.106
m7_S7_k1_eps0.2.P_eps.txt	7	2	Inf	-Inf	78.63305	-855.8301
m7_S7_k1_eps0.2.P_eps.txt	7	3	Inf	-Inf	75.8206	-684.9979
m7_S7_k1_eps0.2.P_eps.txt	7	4	Inf	-Inf	74.39688	-502.4287
m7_S7_k1_eps0.2.P_eps.txt	7	5	Inf	-Inf	73.12341	-318.7232
m7_S7_k1_eps0.2.P_eps.txt	7	6	Inf	-Inf	72.74263	-126.924
m7_S7_k1_eps0.3.P_eps.txt	7	0	Inf	-Inf	517.2018	19.36124
m7_S7_k1_eps0.3.P_eps.txt	7	1	Inf	-Inf	112.5058	-810.4188
m7_S7_k1_eps0.3.P_eps.txt	7	2	Inf	-Inf	107.8428	-643.5573
m7_S7_k1_eps0.3.P_eps.txt	7	3	Inf	-Inf	104.2581	-470.9664
m7_S7_k1_eps0.3.P_eps.txt	7	4	Inf	-Inf	102.2133	-288.9692
m7_S7_k1_eps0.3.P_eps.txt	7	5	Inf	-Inf	100.3715	-105.8809
m7_S7_k1_eps0.3.P_eps.txt	7	6	Inf	-Inf	99.23998	81.80814
m7_S7_k2_eps0.1.P_eps.txt	7	0	Inf	-Inf	164.1352	-751.9218
m7_S7_k2_eps0.1.P_eps.txt	7	1	Inf	-Inf	110.8109	-820.6198
m7_S7_k2_eps0.1.P_eps.txt	7	2	Inf	-Inf	60.80223	-1028.645
m7_S7_k2_eps0.1.P_eps.txt	7	3	Inf	-Inf	57.77051	-867.709
m7_S7_k2_eps0.1.P_eps.txt	7	4	Inf	-Inf	55.78791	-695.8684
m7_S7_k2_eps0.1.P_eps.txt	7	5	Inf	-Inf	54.35557	-518.0395
m7_S7_k2_eps0.1.P_eps.txt	7	6	Inf	-Inf	53.51638	-333.1876
m7_S7_k2_eps0.2.P_eps.txt	7	0	Inf	-Inf	266.6298	-425.8871
m7_S7_k2_eps0.2.P_eps.txt	7	1	Inf	-Inf	159.755	-574.7912
m7_S7_k2_eps0.2.P_eps.txt	7	2	Inf	-Inf	76.81858	-871.5183
m7_S7_k2_eps0.2.P_eps.txt	7	3	Inf	-Inf	73.71081	-703.9622
m7_S7_k2_eps0.2.P_eps.txt	7	4	Inf	-Inf	70.86111	-535.1498
m7_S7_k2_eps0.2.P_eps.txt	7	5	Inf	-Inf	68.87329	-358.9627
m7_S7_k2_eps0.2.P_eps.txt	7	6	Inf	-Inf	67.00589	-182.1268
m7_S7_k2_eps0.3.P_eps.txt	7	0	Inf	-Inf	531.3508	37.49809
m7_S7_k2_eps0.3.P_eps.txt	7	1	Inf	-Inf	154.2271	-598.4557
m7_S7_k2_eps0.3.P_eps.txt	7	2	Inf	-Inf	115.2133	-599.1309
m7_S7_k2_eps0.3.P_eps.txt	7	3	Inf	-Inf	112.3305	-420.8515
m7_S7_k2_eps0.3.P_eps.txt	7	4	Inf	-Inf	109.8124	-240.7788
m7_S7_k2_eps0.3.P_eps.txt	7	5	Inf	-Inf	108.5033	-53.53032
m7_S7_k2_eps0.3.P_eps.txt	7	6	Inf	-Inf	106.7403	130.7686
m7_S81_k0_eps0.1.P_eps.txt	7	0	Inf	-Inf	62.37905	-1402.056
m7_S81_k0_eps0.1.P_eps.txt	7	1	Inf	-Inf	59.59356	-1237.446
m7_S81_k0_eps0.1.P_eps.txt	7	2	Inf	-Inf	57.96425	-1060.767
m7_S81_k0_eps0.1.P_eps.txt	7	3	Inf	-Inf	56.157	-886.7449
m7_S81_k0_eps0.1.P_eps.txt	7	4	Inf	-Inf	54.07212	-716.8606
m7_S81_k0_eps0.1.P_eps.txt	7	5	Inf	-Inf	51.57969	-553.2652
m7_S81_k0_eps0.1.P_eps.txt	7	6	Inf	-Inf	51.35953	-360.8318
m7_S81_k0_eps0.2.P_eps.txt	7	0	Inf	-Inf	75.84588	-1270.697
m7_S81_k0_eps0.2.P_eps.txt	7	1	Inf	-Inf	71.73322	-1112.853
m7_S81_k0_eps0.2.P_eps.txt	7	2	Inf	-Inf	69.14226	-942.2668
m7_S81_k0_eps0.2.P_eps.txt	7	3	Inf	-Inf	66.87003	-769.414
m7_S81_k0_eps0.2.P_eps.txt	7	4	Inf	-Inf	64.59492	-597.3676
m7_S81_k0_eps0.2.P_eps.txt	7	5	Inf	-Inf	62.26154	-426.784
m7_S81_k0_eps0.2.P_eps.txt	7	6	Inf	-Inf	60.33899	-252.5538
m7_S81_k0_eps0.3.P_eps.txt	7	0	Inf	-Inf	114.4352	-994.3003
m7_S81_k0_eps0.3.P_eps.txt	7	1	Inf	-Inf	110.9783	-819.6053
m7_S81_k0_eps0.3.P_eps.txt	7	2	Inf	-Inf	107.8585	-643.4594
m7_S81_k0_eps0.3.P_eps.txt	7	3	Inf	-Inf	105.6553	-462.0204
m7_S81_k0_eps0.3.P_eps.txt	7	4	Inf	-Inf	103.1721	-282.6948
m7_S81_k0_eps0.3.P_eps.txt	7	5	Inf	-Inf	100.2499	-106.6956
m7_S81_k0_eps0.3.P_eps.txt	7	6	Inf	-Inf	98.77117	78.62614
m7_S81_k1_eps0.1.P_eps.txt	7	0	Inf	-Inf	240.6119	-494.8854
m7_S81_k1_eps0.1.P_eps.txt	7	1	Inf	-Inf	64.11593	-1188.293
m7_S81_k1_eps0.1.P_eps.txt	7	2	Inf	-Inf	61.80602	-1017.642
m7_S81_k1_eps0.1.P_eps.txt	7	3	Inf	-Inf	60.31953	-838.6939
m7_S81_k1_eps0.1.P_eps.txt	7	4	Inf	-Inf	59.18324	-656.1658
m7_S81_k1_eps0.1.P_eps.txt	7	5	Inf	-Inf	58.15553	-472.6298
m7_S81_k1_eps0.1.P_eps.txt	7	6	Inf	-Inf	57.31744	-287.0768
m7_S81_k1_eps0.2.P_eps.txt	7	0	Inf	-Inf	513.241	14.19511
m7_S81_k1_eps0.2.P_eps.txt	7	1	Inf	-Inf	87.09204	-982.4773
m7_S81_k1_eps0.2.P_eps.txt	7	2	Inf	-Inf	82.62448	-822.5567
m7_S81_k1_eps0.2.P_eps.txt	7	3	Inf	-Inf	80.07382	-648.3209
m7_S81_k1_eps0.2.P_eps.txt	7	4	Inf	-Inf	77.60708	-474.0402
m7_S81_k1_eps0.2.P_eps.txt	7	5	Inf	-Inf	75.50746	-297.1636
m7_S81_k1_eps0.2.P_eps.txt	7	6	Inf	-Inf	73.91559	-116.1746
m7_S81_k1_eps0.3.P_eps.txt	7	0	Inf	-Inf	178.6502	-694.9772
m7_S81_k1_eps0.3.P_eps.txt	7	1	Inf	-Inf	102.7964	-871.0702
m7_S81_k1_eps0.3.P_eps.txt	7	2	Inf	-Inf	99.00561	-701.0117
m7_S81_k1_eps0.3.P_eps.txt	7	3	Inf	-Inf	96.17339	-525.208
m7_S81_k1_eps0.3.P_eps.txt	7	4	Inf	-Inf	93.85012	-346.3331
m7_S81_k1_eps0.3.P_eps.txt	7	5	Inf	-Inf	91.86127	-165.4192
m7_S81_k1_eps0.3.P_eps.txt	7	6	Inf	-Inf	89.90017	15.38694
m7_S81_k2_eps0.1.P_eps.txt	7	0	Inf	-Inf	502.0918	-0.5637281
m7_S81_k2_eps0.1.P_eps.txt	7	1	Inf	-Inf	128.7661	-719.7039
m7_S81_k2_eps0.1.P_eps.txt	7	2	Inf	-Inf	66.1272	-972.2285
m7_S81_k2_eps0.1.P_eps.txt	7	3	Inf	-Inf	62.48057	-815.0396
m7_S81_k2_eps0.1.P_eps.txt	7	4	Inf	-Inf	59.81682	-649.0101
m7_S81_k2_eps0.1.P_eps.txt	7	5	Inf	-Inf	57.07925	-485.183
m7_S81_k2_eps0.1.P_eps.txt	7	6	Inf	-Inf	55.14659	-313.0228
m7_S81_k2_eps0.2.P_eps.txt	7	0	Inf	-Inf	155.4173	-788.5974
m7_S81_k2_eps0.2.P_eps.txt	7	1	Inf	-Inf	84.38945	-1003.661
m7_S81_k2_eps0.2.P_eps.txt	7	2	Inf	-Inf	81.43375	-832.3116
m7_S81_k2_eps0.2.P_eps.txt	7	3	Inf	-Inf	79.5338	-652.8683
m7_S81_k2_eps0.2.P_eps.txt	7	4	Inf	-Inf	77.81481	-472.2439
m7_S81_k2_eps0.2.P_eps.txt	7	5	Inf	-Inf	76.79702	-285.7836
m7_S81_k2_eps0.2.P_eps.txt	7	6	Inf	-Inf	76.28164	-95.00088
m7_S81_k2_eps0.3.P_eps.txt	7	0	Inf	-Inf	260.5569	-441.37
m7_S81_k2_eps0.3.P_eps.txt	7	1	Inf	-Inf	186.4034	-471.1206
m7_S81_k2_eps0.3.P_eps.txt	7	2	Inf	-Inf	108.0049	-642.5478
m7_S81_k2_eps0.3.P_eps.txt	7	3	Inf	-Inf	104.568	-468.972
m7_S81_k2_eps0.3.P_eps.txt	7	4	Inf	-Inf	102.0542	-290.0164
m7_S81_k2_eps0.3.P_eps.txt	7	5	Inf	-Inf	99.30256	-113.0759
m7_S81_k2_eps0.3.P_eps.txt	7	6	Inf	-Inf	98.22781	74.91913
